Tahun,Provinsi,Kabupaten/Kota,Rumah Tangga,Perkantoran,Pasar,Perniagaan,Fasilitas Publik,Kawasan,Lain
2019,Maluku,Kota Ambon,56.16,10.8,43.2,30.24,25.92,7.05,8.64
2019,Sumatera Utara,Kab. Dairi,2.26,0.12,2.64,0.0,0.55,0.36,0.0
2019,Kalimantan Selatan,Kab. Tanah Laut,30.0,1.0,3.0,1.0,1.0,1.0,3.0
2019,D.I. Yogyakarta,Kab. Bantul,253.8,2.9,26.0,117.7,29.4,1.9,10.3
2019,Jawa Timur,Kab. Malang,886.37,19.06,118.55,25.7,29.47,19.94,8.86
2019,Sulawesi Selatan,Kab. Enrekang,90.0,1.0,13.0,2.0,2.4,1.0,10.0
2019,Jawa Timur,Kab. Ngawi,44.57,3.55,7.5,5.1,6.1,5.32,5.5
2019,Kalimantan Tengah,Kab. Kotawaringin Timur,0.0,0.0,0.0,0.0,0.0,0.0,0.0
2019,Jawa Tengah,Kab. Cilacap,724.6,0.48,44.61,0.17,8.89,6.1,0.0
2019,Lampung,Kab. Pringsewu,6.0,0.6,4.0,1.5,1.0,0.5,1.0
2019,Sumatera Barat,Kota Padang,450.0,14.94,90.0,21.24,47.07,8.0,9.0
2019,Jawa Timur,Kab. Sumenep,360.2,0.61,5.4,1.15,39.01,19.08,24.84
2019,Jawa Tengah,Kab. Brebes,1.0,1.0,10.0,1.0,1.0,1.0,1.0
2019,Sumatera Barat,Kab. Pasaman,51.01,4.49,12.81,3.78,0.88,0.0,13.6
2019,Bali,Kota Denpasar,0.0,0.0,0.0,0.0,0.0,0.0,0.0
2019,Jawa Timur,Kab. Bondowoso,19.44,3.25,14.61,0.61,4.22,1.36,0.0
2019,Kalimantan Utara,Kab. Nunukan,0.0,0.0,0.0,0.0,0.0,0.0,0.0
2019,Jawa Tengah,Kab. Kudus,0.0,0.0,0.0,0.0,0.0,0.0,0.0
2019,Sumatera Selatan,Kab. Muara Enim,17.27,1.13,5.14,2.12,1.02,1.81,0.0
2019,Banten,Kab. Tangerang,1900.0,6.7,220.0,40.57,25.0,325.0,0.0
2019,Jawa Barat,Kota Sukabumi,153.31,3.01,5.62,2.95,12.48,0.59,0.0
2019,Bengkulu,Kab. Bengkulu Utara,44.1,9.0,19.0,7.0,6.0,2.0,13.0
2019,Bali,Kab. Bangli,93.21,0.27,5.94,0.63,3.67,0.0,0.54
2019,Jawa Tengah,Kab. Purworejo,93.67,0.04,0.8,0.03,0.99,0.0,0.0
2019,Sulawesi Utara,Kab. Minahasa Utara,0.0,0.0,0.0,0.0,0.0,0.0,0.0
2019,Aceh,Kota Banda Aceh,182.57,0.55,8.85,44.31,2.27,0.0,0.05
2019,Jawa Timur,Kota Surabaya,0.0,0.0,0.0,0.0,0.0,0.0,0.0
2019,Jawa Barat,Kab. Subang,0.0,0.0,0.0,0.0,0.0,0.0,0.0
2019,Kalimantan Selatan,Kab. Hulu Sungai Tengah,11.52,1.53,6.83,2.04,2.35,7.65,0.53
2019,Jawa Tengah,Kab. Wonogiri,0.0,0.0,0.0,0.0,0.0,0.0,0.0
2019,Aceh,Kab. Gayo Lues,38.0,3.0,16.0,7.0,5.0,16.0,15.0
2019,Kalimantan Barat,Kab. Bengkayang,0.0,0.0,0.0,0.0,0.0,0.0,0.0
2019,Jawa Timur,Kota Pasuruan,76.1,0.7,19.7,1.3,16.4,6.6,10.5
2019,Sumatera Selatan,Kab. Musi Banyuasin,143.05,12.77,20.44,25.55,12.77,17.88,22.99
2019,Sumatera Utara,Kota Medan,0.0,0.0,0.0,0.0,0.0,0.0,0.0
2019,Jawa Barat,Kota Depok,156.2,7.4,104.2,29.8,409.2,22.3,14.9
2019,Jawa Tengah,Kab. Boyolali,264.5,0.0,0.0,0.0,0.0,0.0,0.0
2019,Kepulauan Bangka Belitung,Kab. Bangka Tengah,28.6,2.57,17.78,16.55,12.07,0.06,0.79
2019,Jambi,Kab. Sarolangun,0.0,0.0,0.0,0.0,0.0,0.0,0.0
2019,Sulawesi Tengah,Kab. Banggai,0.0,0.0,0.0,0.0,0.0,0.0,0.0
2019,Bengkulu,Kab. Bengkulu Selatan,14.0,2.0,2.5,2.4,1.0,1.0,2.0
2019,Sumatera Barat,Kab. Tanah Datar,88.3,0.28,17.75,1.54,12.27,0.0,0.0
2019,Kalimantan Selatan,Kab. Tanah Bumbu,120.0,4.0,50.0,0.0,2.0,2.0,2.0
2019,Kalimantan Timur,Kota Balikpapan,332.09,8.9,29.26,41.46,21.6,6.19,19.12
2019,Jawa Tengah,Kab. Grobogan,520.7,42.0,109.2,58.8,25.2,33.6,50.4
2019,Kepulauan Riau,Kab. Lingga,16.2,0.1,0.7,5.1,3.9,1.2,0.2
2019,Riau,Kota Pekanbaru,0.0,0.0,0.0,0.0,0.0,0.0,0.0
2019,Kalimantan Tengah,Kab. Kotawaringin Barat,10.82,6.82,10.52,7.3,6.28,4.93,4.29
2019,Sulawesi Barat,Kab. Polewali Mandar,109.74,5.31,12.39,8.85,19.47,14.16,7.08
2019,Kalimantan Tengah,Kab. Pulang Pisau,38.1,0.1,2.3,6.5,3.9,0.0,0.0
2019,Sumatera Selatan,Kab. Empat Lawang,139.36,0.08,35.0,0.49,0.01,0.08,0.14
2019,Sulawesi Selatan,Kab. Kepulauan Selayar,32.0,6.0,18.0,6.0,3.0,1.8,0.0
2019,Jawa Timur,Kab. Trenggalek,0.0,0.0,0.0,0.0,0.0,0.0,0.0
2019,Kalimantan Timur,Kab. Berau,50.7,1.6,8.66,3.9,2.3,6.0,40.0
2019,Kepulauan Riau,Kab. Bintan,17.95,5.13,10.26,7.69,5.1,2.6,2.56
2019,Riau,Kab. Pelalawan,0.0,0.0,0.0,0.0,0.0,0.0,0.0
2019,Sulawesi Utara,Kab. Minahasa,0.0,0.0,0.0,0.0,0.0,0.0,0.0
2019,Jawa Tengah,Kab. Semarang,26.4,15.0,22.2,0.0,0.0,4.8,0.0
2019,Sulawesi Utara,Kab. Kep. Siau Tagulandang Biaro,0.0,0.0,0.0,0.0,0.0,0.0,0.0
2019,Maluku Utara,Kota Tidore Kepulauan,36.32,6.36,18.16,13.62,9.08,5.45,1.82
2019,Kalimantan Selatan,Kab. Barito Kuala,37.08,9.27,18.54,10.0,8.0,4.0,5.0
2019,D.I. Yogyakarta,Kota Yogyakarta,199.7,2.35,34.75,80.08,41.79,1.18,2.11
2019,Bengkulu,Kab. Bengkulu Tengah,33.89,6.93,10.38,3.46,2.59,0.0,0.0
2019,Sulawesi Selatan,Kab. Maros,6.5,1.17,0.65,0.58,1.38,0.0,2.27
2019,Kalimantan Selatan,Kota Banjarbaru,157.63,0.54,1.5,0.01,4.83,0.5,0.5
2019,Kepulauan Bangka Belitung,Kab. Bangka Selatan,59.0,2.46,5.5,2.87,9.28,6.21,0.36
2019,Sumatera Barat,Kota Payakumbuh,65.09,0.72,17.18,10.38,3.16,0.32,0.53
2019,Kalimantan Barat,Kab. Mempawah,3.83,8.08,26.73,8.38,8.52,11.11,2.57
2019,Gorontalo,Kab. Pohuwato,5.8,1.2,3.2,1.3,1.1,0.7,0.5
2019,Jawa Timur,Kota Blitar,63.8,0.7,2.1,1.4,1.1,0.4,1.4
2019,Jawa Tengah,Kab. Batang,0.0,0.0,0.0,0.0,0.0,0.0,0.0
2019,DKI Jakarta,Kota Adm. Jakarta Timur,0.0,0.0,0.0,0.0,0.0,0.0,0.0
2019,Jawa Timur,Kab. Kediri,0.0,0.0,0.0,0.0,0.0,0.0,0.0
2019,Jawa Tengah,Kab. Kebumen,37.0,8.0,5.0,3.0,9.0,3.0,4.0
2019,Lampung,Kota Metro,41.0,12.3,20.5,12.3,8.2,5.13,3.08
2019,Sumatera Barat,Kota Sawahlunto,0.0,0.0,0.0,0.0,0.0,0.0,0.0
2019,DKI Jakarta,Kota Adm. Jakarta Utara,0.0,0.0,0.0,0.0,0.0,0.0,0.0
2019,Sulawesi Utara,Kota Bitung,0.0,0.0,0.0,0.0,0.0,0.0,0.0
2019,Jawa Timur,Kab. Sidoarjo,99999.99,4467.3,62542.7,31271.4,8934.7,44673.4,99999.99
2019,Sulawesi Selatan,Kota Palopo,4.0,0.04,7.0,6.0,0.04,8.0,0.0
2019,Kalimantan Barat,Kab. Kapuas Hulu,106.67,0.1,0.05,0.5,3.1,2.3,0.71
2019,Aceh,Kota Langsa,11.4,1.0,16.0,12.0,6.0,2.0,0.0
2019,Kalimantan Tengah,Kab. Barito Utara,32.5,5.2,24.0,2.0,1.5,2.0,1.5
2019,Jawa Barat,Kab. Ciamis,277.99,22.69,93.61,96.44,28.37,25.53,22.69
2019,Maluku Utara,Kota Ternate,37.7,4.7,10.1,7.7,4.4,3.5,4.2
2019,Sulawesi Tengah,Kab. Parigi Moutong,0.0,0.0,0.0,0.0,0.0,0.0,0.0
2019,Sumatera Utara,Kab. Samosir,10.0,1.0,2.0,3.0,1.0,5.0,2.0
2019,Jawa Timur,Kab. Banyuwangi,19511.24,0.02,5.55,0.01,0.01,0.0,0.0
2019,Sulawesi Selatan,Kab. Luwu Timur,44.8,11.2,22.4,11.2,5.6,5.6,16.8
2019,Jawa Timur,Kab. Tuban,150.84,8.7,84.0,76.78,66.47,68.3,3.0
2019,Jawa Tengah,Kab. Pati,0.0,0.0,0.0,0.0,0.0,0.0,0.0
2019,Kepulauan Riau,Kota Tanjung Pinang,13.4,4.6,12.0,6.4,7.9,6.8,1.2
2019,Maluku,Kab. Buru Selatan,3.47,0.41,2.5,9.87,1.19,0.0,1.04
2019,Sumatera Selatan,Kab. Ogan Komering Ulu,0.0,0.0,0.0,0.0,0.0,0.0,0.0
2019,Sumatera Utara,Kab. Asahan,364.9,2.68,3.53,77.36,13.14,6.96,151.91
2019,Kalimantan Tengah,Kota Palangkaraya,149.45,88.4,40.0,20.84,1.0,0.0,45.39
2019,Banten,Kab. Lebak,1.32,117.79,7.89,49.46,131.97,129.13,68.12
2019,D.I. Yogyakarta,Kab. Kulon Progo,0.43,0.0,0.23,0.0,0.0,0.0,0.0
2019,Jawa Timur,Kab. Madiun,0.0,0.0,0.0,0.0,0.0,0.0,0.0
2019,Jambi,Kab. Bungo,6.72,1.53,67.06,1.32,0.98,2.45,65.78
2019,Sumatera Utara,Kab. Langkat,8.0,5.4,5.4,6.0,3.9,1.9,2.8
2019,Sumatera Utara,Kota Tebing Tinggi,0.0,0.0,0.0,0.0,0.0,0.0,0.0
2019,Jawa Timur,Kab. Pasuruan,0.0,0.0,0.0,0.0,0.0,0.0,0.0
2019,Jawa Timur,Kab. Pamekasan,0.0,0.0,0.0,0.0,0.0,0.0,0.0
2019,Sumatera Selatan,Kab. Musi Rawas,256.19,0.1,13.36,1.12,1.17,0.18,11.5
2019,Banten,Kota Cilegon,0.0,0.0,0.0,0.0,0.0,0.0,0.0
2019,Bengkulu,Kab. Kepahiang,15.0,1.0,10.0,1.1,1.0,1.0,1.4
2019,Bali,Kab. Buleleng,527.27,1.55,6.78,1.36,1.16,0.58,0.39
2019,Kalimantan Timur,Kota Bontang,79.69,3.67,5.86,0.0,3.58,8.46,0.45
2019,Maluku,Kab. Maluku Tenggara,75.0,5.0,15.0,1.0,1.0,2.0,1.0
2019,Banten,Kab. Pandeglang,0.0,0.0,0.0,0.0,0.0,0.0,0.0
2019,Jawa Barat,Kota Bogor,262.5,0.3,23.4,1.5,4.4,2.8,212.1
2019,Sulawesi Selatan,Kab. Bantaeng,22.9,0.9,1.7,1.7,0.1,0.0,2.0
2019,Sumatera Barat,Kab. Sijunjung,13.6,8.4,9.6,1.2,1.0,0.6,0.0
2019,Kepulauan Riau,Kab. Natuna,0.0,0.0,0.0,0.0,0.0,0.0,0.0
2019,Sulawesi Tenggara,Kab. Bombana,0.0,0.1,4.0,0.0,2.0,1.0,1.0
2019,Sulawesi Utara,Kab. Minahasa Selatan,0.0,0.0,0.0,0.0,0.0,0.0,0.0
2019,Aceh,Kab. Bener Meriah,0.0,0.0,0.0,0.0,0.0,0.0,0.0
2019,Jawa Timur,Kota Madiun,85.84,5.16,9.41,4.78,4.61,3.17,2.03
2019,Kalimantan Selatan,Kab. Hulu Sungai Selatan,42.31,0.79,34.08,5.69,4.71,3.6,1.88
2019,Bali,Kab. Jembrana,56.38,2.8,12.4,15.4,7.32,3.1,2.6
2019,Jawa Barat,Kota Tasikmalaya,0.0,0.0,0.0,0.0,0.0,0.0,0.0
2019,Lampung,Kab. Way Kanan,313.59,0.65,5.4,0.42,0.04,0.0,141.35
2019,Sulawesi Selatan,Kab. Barru,43.77,7.29,4.38,2.19,4.38,7.29,3.65
2019,Kalimantan Timur,Kab. Kutai Kartanegara,0.0,0.0,0.0,0.0,0.0,0.0,0.0
2019,Nusa Tenggara Barat,Kab. Lombok Timur,25.0,0.15,15.0,3.0,31.42,0.47,20.0
2019,Jawa Tengah,Kab. Sukoharjo,174.54,2.52,15.51,7.94,18.74,141.23,5.37
2019,Kepulauan Bangka Belitung,Kota Pangkal Pinang,0.0,0.0,0.0,0.0,0.0,0.0,0.0
2019,Kalimantan Utara,Kota Tarakan,1.75,0.08,4.5,3.69,1.49,0.06,2.0
2019,Kalimantan Barat,Kab. Ketapang,41.0,6.0,20.0,15.0,5.0,8.0,5.0
2019,Jawa Timur,Kota Probolinggo,41.5,0.6,11.5,2.9,1.3,1.5,0.6
2019,D.I. Yogyakarta,Kab. Sleman,0.0,0.0,0.0,0.0,0.0,0.0,0.0
2019,Kalimantan Selatan,Kota Banjarmasin,0.0,0.0,0.0,0.0,0.0,0.0,0.0
2019,Sulawesi Selatan,Kab. Luwu Utara,0.0,0.0,0.0,0.0,0.0,0.0,0.0
2019,Sumatera Barat,Kota Bukittinggi,0.0,0.0,0.0,0.0,0.0,0.0,0.0
2019,Aceh,Kab. Aceh Selatan,19.0,1.0,2.1,1.4,8.0,2.2,1.3
2019,Jambi,Kab. Merangin,20.0,5.0,11.0,5.0,4.27,3.0,2.0
2019,Jawa Tengah,Kab. Kendal,0.0,0.04,0.47,0.0,0.03,0.27,0.29
2019,Sulawesi Utara,Kota Kotamobagu,35.2,3.0,10.9,7.2,3.1,0.0,2.4
2019,Sumatera Selatan,Kota Prabumulih,52.76,3.6,19.86,12.44,2.47,0.98,1.31
2019,Bali,Kab. Gianyar,390.9,4.52,15.84,0.0,7.03,48.0,2.03
2019,Jawa Timur,Kab. Blitar,0.0,0.0,0.0,0.0,0.0,0.0,0.0
2019,Sulawesi Selatan,Kab. Sidenreng Rappang,87.9,4.2,6.8,3.3,8.4,2.1,8.2
2019,Jawa Tengah,Kab. Sragen,124.8,43.6,121.3,23.5,28.3,57.69,3.24
2019,Sulawesi Utara,Kab. Kepulauan Talaud,8.15,2.09,7.37,3.48,2.79,0.6,0.43
2019,Kalimantan Tengah,Kab. Sukamara,0.0,0.0,0.0,0.0,0.0,0.0,0.0
2019,Papua,Kab. Biak Numfor,29.0,3.64,9.75,3.08,3.57,6.62,0.0
2019,Jawa Timur,Kab. Probolinggo,15.5,0.9,12.5,4.7,3.0,4.3,2.2
2019,Aceh,Kab. Simeulue,26.37,4.4,5.71,3.52,2.2,0.44,1.32
2019,Jawa Timur,Kab. Sampang,99999.99,10172.8,30518.3,20345.5,6103.7,0.0,14241.9
2019,Sumatera Utara,Kab. Humbang Hasundutan,10.0,0.5,1.0,0.0,1.45,0.0,2.5
2019,Banten,Kota Tangerang,962.05,56.68,46.2,213.2,305.53,0.0,0.0
2019,Sulawesi Selatan,Kab. Bone,186.5,33.3,72.3,28.5,22.2,15.9,11.1
2019,Kalimantan Barat,Kab. Sambas,233.1,0.9,37.6,0.0,0.0,0.0,0.0
2019,Jawa Timur,Kab. Bojonegoro,0.0,0.0,2.47,0.01,0.45,0.0,0.0
2019,Kepulauan Riau,Kota Batam,762.79,154.82,2.27,55.69,4.13,325.82,27.0
2019,Gorontalo,Kab. Gorontalo,4.6,0.4,0.2,0.4,0.8,0.7,0.5
2019,DKI Jakarta,Kota Adm. Jakarta Selatan,0.0,0.0,0.0,0.0,0.0,0.0,0.0
2019,Jambi,Kota Sungai Penuh,0.0,0.0,0.0,0.0,0.0,0.0,0.0
2019,Jawa Barat,Kab. Pangandaran,0.0,0.0,0.0,0.0,0.0,0.0,0.0
2019,Lampung,Kota Bandar Lampung,410.1,68.3,102.5,20.5,41.0,13.7,27.3
2019,Sumatera Barat,Kota Solok,29.26,1.27,15.78,0.44,1.28,0.06,1.62
2019,Kalimantan Timur,Kab. Penajam Paser Utara,10.0,2.1,3.1,3.0,2.0,1.0,1.0
2019,Sulawesi Tenggara,Kab. Buton,0.0,0.0,0.0,0.0,0.0,0.0,0.0
2019,Jawa Timur,Kota Kediri,40635.23,16254.09,39280.73,8127.05,9481.55,14899.59,6772.54
2019,Sulawesi Barat,Kab. Pasangkayu,0.0,0.0,0.0,0.0,0.0,0.0,0.0
2019,Jambi,Kab. Muaro Jambi,0.0,0.0,0.0,0.0,0.0,0.0,0.0
2019,Jawa Tengah,Kota Magelang,0.0,0.0,0.0,0.0,0.0,0.0,0.0
2019,Jawa Barat,Kab. Sumedang,235.0,5.0,100.0,20.0,20.0,25.0,33.0
2019,Sulawesi Selatan,Kota Parepare,31.8,5.7,16.2,8.8,2.8,6.4,1.6
2019,Jawa Tengah,Kab. Pemalang,172.0,21.0,60.0,48.0,26.0,58.0,5.84
2019,Maluku Utara,Kab. Halmahera Utara,0.0,0.0,0.0,0.0,0.0,0.0,0.0
2019,Sumatera Selatan,Kab. Lahat,95.1,20.8,95.1,38.6,17.8,17.9,18.1
2019,Kalimantan Selatan,Kab. Kotabaru,0.0,0.0,5.6,0.0,0.0,0.0,0.0
2019,Papua Selatan,Kab. Asmat,22.0,2.0,4.0,5.0,3.0,2.0,1.0
2019,Bengkulu,Kab. Lebong,0.0,0.0,0.0,0.0,0.0,0.0,0.0
2019,Sumatera Barat,Kab. Agam,0.0,0.0,0.0,0.0,0.0,0.0,0.0
2019,Bali,Kab. Karangasem,0.0,0.0,0.0,0.0,0.0,0.0,0.0
2019,Jawa Tengah,Kab. Wonosobo,99999.99,0.6,26.0,6.8,12.3,0.0,0.0
2019,Jawa Tengah,Kab. Rembang,52.28,3.68,1661.23,0.02,152.0,0.0,11.86
2019,Aceh,Kota Sabang,1.06,0.02,0.03,0.03,0.36,0.03,0.32
2019,Kalimantan Tengah,Kab. Barito Timur,5.6,0.0,4.1,0.0,1.2,0.4,0.5
2019,Jawa Timur,Kota Batu,77.29,3.33,2.0,3.69,1.54,17.8,18.6
2019,Kalimantan Selatan,Kab. Hulu Sungai Utara,2.9,0.3,22.6,1.0,5.45,0.01,2.53
2019,Jawa Timur,Kab. Nganjuk,0.0,0.0,0.0,0.0,0.0,0.0,0.0
2019,Riau,Kab. Siak,17.4,4.5,7.0,2.0,4.3,2.8,1.0
2019,Jawa Timur,Kota Mojokerto,77.5,4.5,7.5,3.9,2.1,4.5,0.0
2019,Sumatera Utara,Kota Pematang Siantar,0.0,0.0,0.0,0.0,0.0,0.0,0.0
2019,Papua Barat Daya,Kab. Raja Ampat,0.0,0.0,0.0,0.0,0.6,0.0,0.0
2019,Sumatera Barat,Kab. Dharmasraya,82.13,2.29,0.62,0.0,0.09,0.0,11.2
2019,Jawa Tengah,Kab. Klaten,352.5,2.75,2.04,1.42,2.38,6.39,0.0
2019,Riau,Kab. Kampar,0.0,0.0,0.0,0.0,0.0,0.0,0.0
2019,Jawa Tengah,Kab. Jepara,50214.44,25107.22,75321.66,32639.39,37660.83,20085.78,10042.89
2019,Sulawesi Tengah,Kab. Donggala,3.0,0.5,2.0,1.5,1.6,1.0,1.0
2019,D.I. Yogyakarta,Kab. Gunungkidul,0.0,0.0,0.0,0.0,0.0,0.0,0.0
2019,Jawa Timur,Kab. Lumajang,175.12,0.53,129.6,4.75,142.66,17.45,30.24
2019,Kalimantan Timur,Kota Samarinda,0.0,0.0,0.0,0.0,0.0,0.0,0.0
2019,Sulawesi Utara,Kab. Minahasa Tenggara,0.0,0.0,0.0,0.0,0.0,0.0,0.0
2019,Kalimantan Tengah,Kab. Kapuas,11.45,0.84,4.96,0.0,0.99,0.0,1.75
2019,Papua,Kota Jayapura,162.1,50.33,24.1,9.1,5.0,2.0,0.0
2019,Sulawesi Selatan,Kab. Bulukumba,0.0,0.0,0.0,0.0,0.0,0.0,0.0
2019,Jawa Timur,Kab. Tulungagung,51.39,0.16,16.82,7.96,4.08,12.81,0.56
2019,Nusa Tenggara Barat,Kab. Lombok Utara,0.0,0.0,0.0,0.0,0.0,0.0,0.0
2019,Kepulauan Riau,Kab. Karimun,70.1,5.3,17.5,5.3,28.1,20.1,29.0
2019,Kalimantan Barat,Kota Pontianak,99276.9,444.5,26767.4,11126.46,1083.48,0.0,208.36
2019,Sulawesi Utara,Kab. Bolaang Mongondow Selatan,0.0,0.0,0.0,0.0,0.0,0.0,0.0
2019,Kalimantan Selatan,Kab. Tapin,59.3,1.89,5.92,2.14,2.65,2.05,1.35
2019,Banten,Kota Tangerang Selatan,904.9,8.6,0.1,32.4,26.7,0.0,0.0
2019,Jawa Timur,Kab. Pacitan,9.5,0.0,15.0,1.1,1.0,1.1,0.6
2019,Jawa Barat,Kota Cimahi,0.0,0.0,0.0,0.0,0.0,0.0,0.0
2019,Lampung,Kab. Lampung Barat,6.3,1.8,3.2,1.82,1.3,0.0,0.0
2019,Sulawesi Selatan,Kab. Pangkajene Kepulauan,0.0,0.0,0.0,0.0,0.0,0.0,0.0
2019,Kalimantan Timur,Kab. Paser,89.69,2.24,10.09,5.61,2.24,2.24,0.0
2019,Jawa Timur,Kab. Situbondo,23.55,1.02,2.52,15.02,16.2,42.88,16.99
2019,Kalimantan Barat,Kab. Sanggau,226.66,0.26,0.16,8.03,0.0,0.0,0.0
2019,Jawa Timur,Kab. Gresik,0.0,0.0,0.0,0.0,0.0,0.0,0.0
2019,Jambi,Kab. Batanghari,74.85,1.2,29.0,3.0,2.5,2.0,8.3
2019,Jawa Timur,Kota Malang,0.0,0.0,0.0,0.0,0.7,0.0,0.0
2019,Jawa Barat,Kab. Sukabumi,162.7,149.56,152.84,478.25,146.42,305.69,98.61
2019,Sulawesi Tengah,Kab. Poso,14.1,1.25,3.1,0.71,0.92,0.62,0.3
2019,Sulawesi Selatan,Kab. Sinjai,95.73,0.9,1.0,1.5,3.94,3.0,0.3
2019,Kalimantan Selatan,Kab. Balangan,24.73,5.05,9.26,6.15,2.53,3.78,1.24
2019,Kepulauan Bangka Belitung,Kab. Bangka,79.04,6.37,16.57,8.92,3.82,5.1,7.65
2019,Sumatera Barat,Kota Padang Panjang,34.88,0.36,6.77,1.53,1.72,0.0,0.96
2019,Kepulauan Riau,Kab. Kepulauan Anambas,0.0,0.0,0.0,0.0,0.0,0.0,0.0
2019,Jambi,Kota Jambi,0.0,0.0,0.0,0.0,0.0,0.0,0.0
2019,Sulawesi Utara,Kota Tomohon,0.0,0.0,0.0,0.0,0.0,0.0,0.0
2019,Sumatera Utara,Kab. Deli Serdang,0.0,0.0,0.0,0.0,0.0,0.0,0.0
2019,Jawa Tengah,Kota Semarang,361.96,7.5,321.78,15.6,66.03,84.28,332.84
2019,Jawa Barat,Kab. Bekasi,0.0,0.0,0.0,0.0,0.0,0.0,0.0
2019,Sumatera Selatan,Kota Palembang,697.2,5.9,81.4,34.5,107.0,23.1,235.3
2019,Sumatera Barat,Kab. Pesisir Selatan,82.5,14.0,24.7,1.0,13.0,3.0,0.0
2019,Bali,Kab. Badung,0.0,24.28,25.4,558.6,0.0,0.0,0.0
2019,Sulawesi Selatan,Kab. Wajo,26.92,0.75,7.67,1.59,0.3,0.28,18.21
2019,Kalimantan Timur,Kab. Kutai Timur,0.0,0.0,0.0,0.0,0.0,0.0,0.0
2019,Sulawesi Tenggara,Kab. Kolaka,65.0,2.0,13.0,5.0,10.0,1.0,4.0
2019,Riau,Kab. Rokan Hilir,195.0,3.55,89.0,101.6,4.8,20.0,82.5
2019,Sulawesi Utara,Kab. Kepulauan Sangihe,0.0,0.0,0.0,0.0,0.0,0.0,0.0
2019,Kalimantan Tengah,Kab. Katingan,0.0,0.0,0.0,0.0,0.0,0.0,0.0
2019,Aceh,Kab. Aceh Tengah,14520.0,5000.0,16030.0,11322.0,10230.0,11320.0,29165.0
2019,DKI Jakarta,Kab. Adm. Kep. Seribu,20.7,0.0,0.0,0.0,0.0,0.0,11.6
2019,Gorontalo,Kota Gorontalo,30.0,17.0,10.0,10.0,5.0,2.0,0.0
2020,Sumatera Selatan,Kab. Muara Enim,60.6,25.7,57.9,4.0,0.1,0.1,0.0
2020,Jawa Barat,Kota Sukabumi,168.16,1.6,6.3,2.0,0.61,0.0,0.0
2020,Bali,Kab. Bangli,86.14,1.02,5.94,0.3,4.12,2.38,0.1
2020,Jawa Tengah,Kab. Purworejo,92.96,0.02,0.34,0.02,0.58,0.0,0.0
2020,Nusa Tenggara Timur,Kab. Sumba Tengah,10.0,0.51,7.44,1.54,3.08,0.26,2.82
2020,Jawa Tengah,Kab. Blora,0.0,0.0,0.0,0.0,0.0,0.0,0.0
2020,Sulawesi Utara,Kab. Minahasa Utara,49846.0,6230.0,24923.0,7788.0,4158.0,9346.0,1557.0
2020,Aceh,Kota Banda Aceh,186.16,0.56,9.03,45.18,2.31,0.0,0.05
2020,Jambi,Kab. Tebo,0.0,0.0,0.0,0.0,0.0,0.0,0.0
2020,Jawa Timur,Kota Surabaya,0.0,0.0,0.0,0.0,0.0,0.0,0.0
2020,Kalimantan Selatan,Kab. Hulu Sungai Tengah,12.15,1.8,7.05,2.5,2.75,7.75,1.25
2020,Jawa Timur,Kab. Jombang,0.0,0.0,0.0,0.0,0.0,0.0,0.0
2020,Jawa Tengah,Kab. Wonogiri,0.0,0.0,0.0,0.0,0.0,0.0,0.0
2020,Kalimantan Barat,Kab. Melawi,0.0,0.0,0.0,0.0,0.0,0.0,0.0
2020,Jawa Timur,Kota Pasuruan,76.14,0.66,19.69,1.31,16.41,6.56,10.5
2020,Sumatera Selatan,Kab. Musi Banyuasin,145.1,13.0,20.7,25.9,13.0,18.1,23.32
2020,Sumatera Utara,Kota Medan,0.0,0.0,0.0,0.0,0.0,0.0,0.0
2020,Banten,Kota Serang,0.0,0.0,0.0,0.0,0.0,0.0,0.0
2020,Jawa Barat,Kota Depok,156.2,7.4,104.2,29.8,409.2,22.3,14.9
2020,Jawa Tengah,Kab. Boyolali,0.0,0.0,0.0,0.0,0.0,0.0,0.0
2020,Kepulauan Bangka Belitung,Kab. Bangka Tengah,44.48,2.08,8.53,10.89,10.85,1.38,1.6
2020,Jambi,Kab. Sarolangun,0.0,0.0,0.0,0.0,0.0,0.0,0.0
2020,Sulawesi Tengah,Kab. Banggai,0.0,0.0,0.0,0.0,0.0,0.0,0.0
2020,Sumatera Barat,Kab. Tanah Datar,88.6,0.28,17.75,1.54,12.27,0.0,0.0
2020,Kalimantan Timur,Kota Balikpapan,336.66,9.02,29.66,42.03,21.9,6.28,19.39
2020,Kepulauan Riau,Kab. Lingga,16.3,0.1,0.7,5.1,3.9,1.2,0.3
2020,Riau,Kota Pekanbaru,0.0,0.0,0.0,0.0,0.0,0.0,0.0
2020,Kalimantan Tengah,Kab. Kotawaringin Barat,12.0,6.0,6.0,7.0,7.0,10.0,5.0
2020,Sulawesi Barat,Kab. Polewali Mandar,110.23,5.46,12.86,8.93,19.88,14.5,7.14
2020,Kalimantan Tengah,Kab. Pulang Pisau,38.1,0.1,2.3,6.5,3.9,0.0,0.0
2020,Papua,Kab. Keerom,15.0,15.0,25.0,15.0,10.0,10.0,10.0
2020,Sumatera Selatan,Kab. Empat Lawang,140.0,0.1,35.7,0.58,0.14,0.35,0.42
2020,Sulawesi Selatan,Kab. Kepulauan Selayar,33.0,5.5,16.0,7.1,4.6,2.0,0.0
2020,Bali,Kab. Tabanan,0.0,0.0,530.0,0.0,0.0,0.0,0.0
2020,Jawa Timur,Kab. Trenggalek,0.0,0.0,0.0,0.0,0.0,0.0,0.0
2020,Lampung,Kab. Pesawaran,132.0,15.0,40.0,19.0,19.0,13.0,10.0
2020,Kepulauan Riau,Kab. Bintan,24.04,2.67,10.68,3.75,3.2,4.81,4.27
2020,Riau,Kab. Pelalawan,91.12,6.0,30.0,6.0,6.0,6.0,6.0
2020,Sulawesi Utara,Kab. Minahasa,0.0,0.0,0.0,0.0,0.0,0.0,0.0
2020,Jawa Tengah,Kab. Semarang,32.5,23.3,28.2,0.0,0.0,6.2,2.0
2020,Sulawesi Utara,Kab. Kep. Siau Tagulandang Biaro,0.0,0.0,0.0,0.0,0.0,0.0,0.0
2020,Maluku Utara,Kota Tidore Kepulauan,36.32,6.36,18.16,13.62,9.06,5.47,1.82
2020,Kalimantan Selatan,Kab. Barito Kuala,37.5,9.3,19.0,10.5,8.0,4.0,5.0
2020,D.I. Yogyakarta,Kota Yogyakarta,199.06,2.35,34.63,79.82,41.66,1.17,2.1
2020,Bengkulu,Kab. Bengkulu Tengah,37.22,5.5,10.4,3.5,1.5,0.0,0.0
2020,Sulawesi Selatan,Kab. Maros,75.2,9.0,30.21,2.0,8.0,0.0,33.0
2020,Kalimantan Selatan,Kota Banjarbaru,124.15,0.4,2.0,1.76,4.33,14.48,0.0
2020,Sumatera Barat,Kota Payakumbuh,76.96,0.74,9.19,6.69,3.29,0.34,0.54
2020,Aceh,Kab. Aceh Timur,17.35,5.0,10.0,8.0,5.0,2.0,2.0
2020,Kalimantan Barat,Kab. Mempawah,3.92,8.27,27.35,8.58,8.72,11.37,2.63
2020,Gorontalo,Kab. Pohuwato,6.4,1.1,3.3,1.2,0.9,0.5,1.5
2020,Jawa Timur,Kota Blitar,67.47,0.7,2.1,1.4,1.1,0.4,1.4
2020,Jawa Tengah,Kab. Batang,0.0,0.0,0.0,0.0,0.0,0.0,0.0
2020,DKI Jakarta,Kota Adm. Jakarta Timur,0.0,0.0,0.0,0.0,0.0,0.0,0.0
2020,Lampung,Kota Metro,49.51,10.31,18.56,11.35,6.19,4.13,3.09
2020,Sumatera Barat,Kota Sawahlunto,0.0,0.0,0.0,0.0,0.0,0.0,0.0
2020,Sulawesi Tenggara,Kab. Kolaka Utara,0.0,0.0,0.0,0.0,0.0,0.0,0.0
2020,DKI Jakarta,Kota Adm. Jakarta Utara,0.0,0.0,0.0,0.0,0.0,0.0,0.0
2020,Sulawesi Utara,Kota Bitung,0.0,0.0,0.0,0.0,0.0,0.0,0.0
2020,Jawa Tengah,Kota Salatiga,0.0,0.0,0.0,0.0,0.0,0.0,0.0
2020,Jawa Barat,Kota Banjar,60.98,2.25,8.17,9.3,1.95,1.09,0.0
2020,Sulawesi Selatan,Kab. Soppeng,0.0,0.0,0.0,0.0,0.0,0.0,0.0
2020,Sumatera Barat,Kab. Pasaman Barat,32.7,0.01,15.0,0.12,0.8,0.0,0.0
2020,Jawa Timur,Kab. Sidoarjo,99999.99,3964.8,55506.8,27753.4,7929.5,39647.7,99999.99
2020,Sulawesi Selatan,Kota Palopo,10.0,0.09,15.0,3.0,2.0,3.0,3.0
2020,Aceh,Kota Langsa,16.0,1.2,14.0,8.0,5.0,2.0,0.0
2020,Kalimantan Tengah,Kab. Barito Utara,32.5,5.2,24.0,2.0,1.5,2.0,1.5
2020,Jawa Barat,Kab. Ciamis,281.8,23.0,94.9,97.8,28.8,23.0,23.0
2020,Sulawesi Tengah,Kab. Parigi Moutong,0.0,0.0,0.0,0.0,0.0,0.0,0.0
2020,Sumatera Utara,Kab. Samosir,12.0,2.0,5.0,5.0,1.0,3.0,1.0
2020,Sulawesi Selatan,Kab. Luwu Timur,16.0,4.0,8.0,4.0,2.0,2.0,6.0
2020,Jawa Timur,Kab. Tuban,136.8,6.96,100.8,82.78,53.43,95.62,15.0
2020,Jawa Tengah,Kab. Pati,0.0,0.0,0.0,0.0,0.0,0.0,0.0
2020,Kepulauan Riau,Kota Tanjung Pinang,16.9,2.3,10.2,5.1,4.4,5.9,9.4
2020,Maluku,Kab. Buru Selatan,4.16,0.41,2.51,9.92,1.42,0.0,1.05
2020,Sumatera Selatan,Kab. Ogan Komering Ulu,0.0,0.0,0.0,0.0,0.0,0.0,0.0
2020,Sumatera Utara,Kab. Asahan,369.28,2.68,3.53,77.36,13.14,6.96,151.91
2020,Kalimantan Tengah,Kota Palangkaraya,149.45,88.4,40.0,20.84,1.0,0.0,45.39
2020,Banten,Kab. Lebak,1.3,119.8,8.0,50.3,134.2,131.3,69.3
2020,D.I. Yogyakarta,Kab. Kulon Progo,0.43,0.0,0.23,0.0,0.0,0.0,0.0
2020,Jawa Timur,Kab. Magetan,0.0,0.0,0.0,0.0,0.0,0.0,0.0
2020,Jambi,Kab. Bungo,16.61,1.4,67.14,1.32,1.04,2.48,64.52
2020,Sumatera Utara,Kab. Langkat,8.5,5.4,7.6,6.0,3.9,1.9,2.8
2020,Sumatera Selatan,Kab. Ogan Ilir,219.5,5.3,35.1,23.4,2.0,0.0,7.3
2020,Sumatera Utara,Kota Tebing Tinggi,74.66,9.43,21.17,8.81,4.36,3.67,0.39
2020,Jawa Timur,Kab. Pamekasan,0.0,0.0,0.0,0.0,0.0,0.0,0.0
2020,Jawa Tengah,Kab. Tegal,727.5,53.21,128.0,30.2,14.5,54.6,10.0
2020,Sumatera Selatan,Kab. Musi Rawas,267.53,0.08,12.88,1.18,0.62,0.18,4.55
2020,Banten,Kota Cilegon,0.0,0.0,0.0,0.0,0.0,0.0,0.0
2020,Bengkulu,Kab. Kepahiang,0.0,0.0,0.0,0.0,0.0,0.0,0.0
2020,Sumatera Barat,Kab. Lima Puluh Kota,56.0,14.0,37.0,22.0,19.0,5.0,3.0
2020,Bali,Kab. Buleleng,527.27,1.55,6.78,1.36,1.16,0.58,0.39
2020,Jawa Tengah,Kab. Magelang,0.0,0.0,0.0,0.0,0.0,0.0,0.0
2020,Kalimantan Timur,Kota Bontang,82.2,5.06,5.91,0.0,3.03,6.8,0.48
2020,Jawa Barat,Kota Bogor,262.5,0.03,20.5,1.1,4.2,2.8,208.0
2020,Papua Barat,Kab. Manokwari,128.35,0.0,19.8,4.4,4.12,0.0,0.0
2020,Sulawesi Selatan,Kab. Bantaeng,22.86,0.88,1.7,1.73,0.1,0.0,2.0
2020,Sumatera Barat,Kab. Sijunjung,14.6,7.3,9.2,0.9,2.2,0.7,0.0
2020,Kepulauan Riau,Kab. Natuna,0.0,0.0,0.0,0.0,0.0,0.0,0.0
2020,Riau,Kab. Kuantan Singingi,0.0,0.0,0.0,0.0,0.0,0.0,0.0
2020,Sulawesi Utara,Kab. Minahasa Selatan,0.0,0.0,0.0,0.0,0.0,0.0,0.0
2020,Aceh,Kab. Bener Meriah,0.0,0.0,0.0,0.0,0.0,0.0,0.0
2020,Jawa Timur,Kota Madiun,85.84,5.16,9.41,4.78,4.61,3.17,2.03
2020,Kalimantan Selatan,Kab. Hulu Sungai Selatan,42.31,0.79,34.08,5.69,4.71,3.6,1.88
2020,Bali,Kab. Jembrana,56.38,2.8,12.4,15.4,7.32,3.1,2.6
2020,Jawa Barat,Kota Tasikmalaya,0.0,0.0,0.0,0.0,0.0,0.0,0.0
2020,Lampung,Kab. Way Kanan,165.3,1.16,5.4,0.42,0.04,0.0,19.56
2020,Kalimantan Timur,Kab. Kutai Kartanegara,58.47,8.18,1.08,5.51,52.6,84.81,0.9
2020,Nusa Tenggara Barat,Kab. Lombok Timur,90.24,0.15,15.0,3.0,10.73,0.47,21.0
2020,Jawa Tengah,Kab. Sukoharjo,184.54,3.22,15.51,11.65,17.74,130.23,5.89
2020,Kepulauan Bangka Belitung,Kota Pangkal Pinang,71.58,12.38,28.8,9.57,16.71,7.09,5.7
2020,Riau,Kab. Indragiri Hilir,299.93,0.9,4.07,2.88,6.7,0.0,0.0
2020,Kalimantan Utara,Kota Tarakan,99.36,4.14,24.84,2.07,6.9,0.69,37.13
2020,Kalimantan Barat,Kab. Ketapang,41.0,6.0,20.0,15.0,5.0,8.0,5.0
2020,Jawa Timur,Kota Probolinggo,48.47,0.43,12.38,2.98,1.03,1.78,0.63
2020,Maluku Utara,Kab. Pulau Morotai,0.0,0.0,0.0,0.0,0.0,0.0,0.0
2020,D.I. Yogyakarta,Kab. Sleman,0.0,0.0,0.0,0.0,0.0,0.0,0.0
2020,Kalimantan Selatan,Kota Banjarmasin,332.48,3.55,76.68,26.49,56.32,10.64,0.3
2020,Sulawesi Selatan,Kab. Luwu Utara,0.0,0.0,0.0,0.0,0.0,0.0,0.0
2020,Sumatera Barat,Kota Bukittinggi,24.97,0.03,27.66,19.84,9.56,0.7,39.5
2020,Jambi,Kab. Merangin,16.0,4.0,17.0,8.0,2.0,2.2,2.0
2020,Jawa Tengah,Kab. Kendal,0.0,0.05,0.57,0.01,0.04,0.37,0.39
2020,Sulawesi Utara,Kota Kotamobagu,45.35,6.15,15.9,7.2,6.45,0.0,5.4
2020,Sumatera Selatan,Kota Prabumulih,43.86,5.25,21.4,14.44,6.68,1.59,1.24
2020,Kalimantan Selatan,Kab. Tabalong,0.0,0.0,0.0,0.0,0.0,0.0,0.0
2020,Bali,Kab. Gianyar,398.71,4.61,16.15,0.0,7.17,48.96,2.08
2020,Jawa Timur,Kab. Blitar,0.0,0.0,0.0,0.0,0.0,0.0,0.0
2020,Sulawesi Selatan,Kab. Sidenreng Rappang,92.25,3.54,6.7,3.19,6.47,1.96,8.65
2020,Jawa Tengah,Kab. Sragen,127.9,43.6,121.3,26.74,154.35,57.69,2.73
2020,Kalimantan Barat,Kota Singkawang,2.06,0.21,1.5,1.3,8.52,0.29,0.08
2020,Sulawesi Barat,Kab. Mamuju,0.0,3.35,57.6,0.0,0.0,0.0,0.0
2020,Jambi,Kab. Tanjung Jabung Barat,13.0,2.0,8.0,4.0,6.0,1.0,6.0
2020,Kalimantan Tengah,Kab. Sukamara,0.0,0.0,0.0,0.0,0.0,0.0,0.0
2020,Papua,Kab. Biak Numfor,27.47,3.64,9.75,3.08,3.57,6.62,0.0
2020,Sulawesi Tengah,Kota Palu,36.21,0.16,12.6,3.17,0.56,5.73,0.08
2020,Sumatera Utara,Kota Sibolga,0.0,0.0,0.0,0.0,0.0,0.0,0.0
2020,Jawa Timur,Kab. Ponorogo,0.0,0.0,0.0,0.0,0.0,0.0,0.0
2020,Jawa Timur,Kab. Probolinggo,18.6,1.0,15.0,5.7,3.6,5.2,2.6
2020,Aceh,Kab. Simeulue,26.13,4.36,5.66,3.48,2.18,0.44,1.31
2020,Sumatera Utara,Kab. Humbang Hasundutan,10.0,0.5,1.0,0.0,1.45,0.0,2.5
2020,Sulawesi Selatan,Kab. Bone,189.8,33.9,73.6,29.0,22.6,16.2,11.3
2020,Kepulauan Bangka Belitung,Kab. Belitung,32.53,0.75,12.74,4.8,0.08,0.67,0.59
2020,Kalimantan Barat,Kab. Sambas,235.97,0.9,37.6,0.0,0.0,0.0,0.0
2020,Kepulauan Riau,Kota Batam,602.61,79.51,2.15,41.58,3.11,91.52,16.99
2020,Gorontalo,Kab. Gorontalo,4.6,0.4,0.2,0.4,0.8,0.7,0.7
2020,DKI Jakarta,Kota Adm. Jakarta Selatan,0.0,0.0,0.0,0.0,0.0,0.0,0.0
2020,Jambi,Kota Sungai Penuh,0.0,0.0,0.0,0.0,0.0,0.0,0.0
2020,Jawa Barat,Kab. Pangandaran,0.0,0.0,0.0,0.0,0.0,0.0,0.0
2020,Lampung,Kota Bandar Lampung,40.9,8.2,17.3,18.1,6.3,5.8,3.4
2020,Sumatera Barat,Kota Solok,30.82,0.71,15.82,0.43,1.14,0.05,1.73
2020,Kalimantan Timur,Kab. Penajam Paser Utara,13.0,2.0,5.0,2.5,2.0,1.5,2.0
2020,Sulawesi Tenggara,Kab. Buton,0.0,0.0,0.0,0.0,0.0,0.0,0.0
2020,Jawa Timur,Kota Kediri,0.0,0.0,0.0,0.0,0.0,0.0,0.0
2020,Sulawesi Barat,Kab. Pasangkayu,1.2,0.2,0.9,0.0,0.7,0.0,9.0
2020,Jambi,Kab. Muaro Jambi,0.0,0.0,0.0,0.0,0.0,0.0,0.0
2020,Jawa Tengah,Kota Magelang,0.0,0.0,0.0,0.0,0.0,0.0,0.0
2020,Jawa Barat,Kab. Sumedang,240.0,5.0,100.0,20.0,20.0,25.0,31.0
2020,Sumatera Selatan,Kab. Ogan Komering Ulu Timur,49.33,1.98,15.95,1.32,1.1,40.47,0.0
2020,Sulawesi Selatan,Kota Parepare,32.3,5.4,14.1,7.9,3.2,7.7,2.0
2020,DKI Jakarta,Kota Adm. Jakarta Pusat,0.0,0.0,0.0,0.0,0.0,0.0,0.0
2020,Jawa Tengah,Kab. Pemalang,176.0,23.0,56.0,48.0,28.0,57.0,3.7
2020,Maluku Utara,Kab. Halmahera Utara,147.9,9.2,12.6,5.0,8.0,2.5,0.01
2020,Papua Selatan,Kab. Asmat,28.0,3.0,4.4,2.73,1.27,3.62,1.02
2020,Bengkulu,Kab. Lebong,0.0,0.0,0.0,0.0,0.0,0.0,0.0
2020,Sumatera Barat,Kab. Agam,0.0,0.0,0.0,0.0,0.0,0.0,0.0
2020,Bali,Kab. Karangasem,14.92,1.2,5.5,2.07,35.06,0.0,60.0
2020,Jawa Tengah,Kab. Wonosobo,0.0,0.0,20520.0,6.4,0.0,0.0,0.0
2020,Sulawesi Selatan,Kab. Luwu,132.15,0.15,12.67,0.81,1.57,0.99,0.12
2020,Jawa Tengah,Kab. Rembang,52.28,3.68,1661.23,0.02,152.0,0.0,11.86
2020,Aceh,Kota Sabang,1.0,0.01,0.03,0.03,0.36,0.03,0.31
2020,Kalimantan Tengah,Kab. Barito Timur,5.94,0.0,4.5,0.0,1.4,0.5,0.7
2020,Kalimantan Selatan,Kab. Hulu Sungai Utara,2.9,0.3,22.6,1.0,5.45,0.5,2.53
2020,Jawa Timur,Kab. Nganjuk,54.19,1.23,8.86,1.63,32.69,0.69,0.71
2020,Riau,Kab. Siak,17.4,4.5,7.0,2.0,4.3,2.8,1.0
2020,Jawa Timur,Kota Mojokerto,77.5,4.5,7.5,3.9,2.1,4.5,0.0
2020,Papua Barat Daya,Kab. Raja Ampat,0.0,0.0,0.0,0.0,0.0,0.0,0.0
2020,Sumatera Barat,Kab. Dharmasraya,83.33,2.29,0.62,0.0,0.09,0.0,11.21
2020,Kepulauan Bangka Belitung,Kab. Belitung Timur,0.0,0.0,0.0,0.0,0.0,0.0,0.0
2020,Riau,Kab. Kampar,0.0,0.0,0.0,0.0,0.0,0.0,0.0
2020,Jawa Tengah,Kab. Jepara,89046.4,20353.5,63604.6,25441.8,33074.4,12720.9,10176.7
2020,Kalimantan Tengah,Kab. Kapuas,9.52,0.68,3.03,0.0,0.68,0.0,1.65
2020,Sulawesi Tengah,Kab. Donggala,3.0,0.5,2.0,1.5,1.69,1.0,1.0
2020,D.I. Yogyakarta,Kab. Gunungkidul,0.0,0.0,0.0,0.0,0.0,0.0,0.0
2020,Jawa Barat,Kota Bandung,923.89,61.59,153.98,92.39,204.8,76.99,26.18
2020,Jawa Timur,Kab. Lumajang,175.51,0.53,129.89,4.76,142.98,17.49,30.31
2020,Kalimantan Timur,Kota Samarinda,0.0,0.0,0.0,0.0,0.0,0.0,0.0
2020,Sulawesi Utara,Kab. Minahasa Tenggara,0.0,0.0,0.0,0.0,0.0,0.0,0.0
2020,Papua,Kota Jayapura,165.15,46.1,23.21,9.61,6.7,2.5,0.0
2020,Sulawesi Selatan,Kab. Bulukumba,4.0,0.0,1550.0,0.05,0.75,0.0,0.08
2020,Nusa Tenggara Barat,Kab. Lombok Utara,0.0,0.0,0.0,0.0,0.0,0.0,0.0
2020,Kepulauan Riau,Kab. Karimun,70.7,5.3,17.7,5.3,35.4,28.1,14.7
2020,Kalimantan Barat,Kota Pontianak,99999.99,450.63,27136.66,11279.95,1098.42,0.0,211.24
2020,Sulawesi Utara,Kab. Bolaang Mongondow Selatan,0.0,0.0,0.0,0.0,0.0,0.0,0.0
2020,Sumatera Selatan,Kab. Banyuasin,0.0,0.0,0.0,0.0,0.0,0.0,0.0
2020,Kalimantan Selatan,Kab. Tapin,61.02,1.93,6.04,2.19,2.7,2.09,1.38
2020,Banten,Kota Tangerang Selatan,0.0,0.0,0.0,0.0,0.0,0.0,0.0
2020,Jawa Timur,Kab. Pacitan,12.9,0.0,15.1,1.3,0.9,1.6,1.2
2020,Jawa Barat,Kota Cimahi,0.0,0.0,0.0,0.0,0.0,0.0,0.0
2020,Lampung,Kab. Lampung Barat,6.3,0.7,3.22,1.8,1.3,0.0,0.0
2020,Sulawesi Selatan,Kab. Pangkajene Kepulauan,0.0,0.0,0.0,0.0,0.0,0.0,0.0
2020,Kalimantan Timur,Kab. Paser,91.69,2.29,10.31,5.73,2.29,2.29,0.0
2020,Jawa Timur,Kab. Situbondo,0.0,0.0,0.0,0.0,0.0,0.0,0.0
2020,Kepulauan Bangka Belitung,Kab. Bangka Barat,0.0,0.0,0.0,0.0,0.0,0.0,0.0
2020,Kalimantan Barat,Kab. Sanggau,230.28,0.26,0.16,8.03,0.0,0.0,0.0
2020,Jawa Timur,Kab. Gresik,99999.99,100.0,3.4,2.0,5.0,20.0,20.0
2020,Jambi,Kab. Batanghari,75.5,1.25,29.3,3.4,2.7,2.1,8.35
2020,Jawa Timur,Kota Malang,0.0,0.0,0.0,0.0,0.0,0.0,0.0
2020,Jawa Barat,Kab. Bandung,0.0,0.0,0.0,0.0,0.0,0.0,0.0
2020,Kalimantan Selatan,Kab. Balangan,26.64,5.12,9.86,6.68,2.7,3.86,1.28
2020,Kepulauan Bangka Belitung,Kab. Bangka,79.04,6.37,16.57,8.92,3.82,5.1,7.65
2020,Sumatera Barat,Kota Padang Panjang,34.66,0.36,6.76,1.52,1.56,0.0,1.34
2020,Kepulauan Riau,Kab. Kepulauan Anambas,0.0,0.0,0.0,0.0,0.0,0.0,0.0
2020,Riau,Kota Dumai,0.0,0.0,0.0,0.0,0.0,0.0,0.0
2020,Jawa Tengah,Kab. Temanggung,55.0,4.0,15.43,6.0,10.0,9.0,11.0
2020,Sulawesi Utara,Kota Tomohon,0.0,0.0,0.0,0.0,0.0,0.0,0.0
2020,Sumatera Utara,Kab. Deli Serdang,658.2,21.94,164.55,32.91,109.7,38.39,71.31
2020,Jawa Tengah,Kota Semarang,362.0,7.5,321.8,15.6,66.0,84.3,388.8
2020,Jawa Barat,Kab. Bekasi,0.0,0.0,0.0,0.0,0.0,0.0,0.0
2020,Sumatera Selatan,Kota Palembang,799.13,14.21,99.65,146.15,88.52,15.17,9.3
2020,Sumatera Barat,Kab. Pesisir Selatan,86.1,16.0,28.3,1.5,18.0,3.6,0.0
2020,Bali,Kab. Badung,0.0,0.0,0.0,0.0,0.0,0.0,0.0
2020,Sulawesi Selatan,Kab. Wajo,28.27,0.71,8.05,1.67,0.32,0.3,19.08
2020,Sulawesi Tenggara,Kab. Kolaka,102.17,3.14,20.43,7.86,15.72,1.57,6.29
2020,Sulawesi Utara,Kab. Kepulauan Sangihe,25.0,8.0,8.0,9.0,12.0,0.0,9.0
2020,Aceh,Kab. Aceh Jaya,0.0,0.0,0.0,0.0,0.0,0.0,0.0
2020,Kalimantan Tengah,Kab. Katingan,0.0,0.0,0.0,0.0,0.0,0.0,0.0
2020,Jawa Barat,Kab. Cirebon,0.0,0.0,0.0,0.0,0.0,0.0,0.0
2020,Sulawesi Selatan,Kota Makassar,0.0,0.0,0.0,0.0,0.0,0.0,0.0
2020,Aceh,Kab. Aceh Tengah,14991.9,5162.5,16551.0,11690.0,10562.5,99999.99,30108.5
2020,DKI Jakarta,Kab. Adm. Kep. Seribu,20.7,0.0,0.0,0.0,0.0,0.0,11.6
2020,Maluku,Kota Ambon,53.07,10.21,40.82,27.78,20.49,6.67,4.16
2020,Sumatera Utara,Kab. Dairi,2.26,0.12,2.64,0.0,0.55,0.36,0.0
2020,Banten,Kab. Serang,0.0,0.0,0.0,0.0,0.0,0.0,0.0
2020,D.I. Yogyakarta,Kab. Bantul,404.43,9.85,30.39,47.8,0.9,8.21,25.39
2020,Sulawesi Selatan,Kab. Enrekang,0.0,0.0,0.0,0.0,0.0,0.0,0.0
2020,Nusa Tenggara Timur,Kota Kupang,106.6,16.02,41.3,22.13,15.5,8.66,4.48
2020,Jawa Timur,Kab. Ngawi,0.0,0.0,0.0,0.0,0.0,0.0,0.0
2020,Kalimantan Tengah,Kab. Kotawaringin Timur,0.0,0.0,0.0,0.0,0.0,0.0,0.0
2020,DKI Jakarta,Kota Adm. Jakarta Barat,834.24,430.73,63.0,83.63,0.0,141.27,22.05
2020,Jawa Tengah,Kab. Cilacap,724.6,0.48,44.61,0.17,8.89,6.1,6.12
2020,Sumatera Barat,Kota Padang,463.0,14.94,88.0,21.24,45.07,8.0,9.0
2020,Jawa Timur,Kab. Sumenep,0.0,0.0,0.0,0.0,0.0,0.0,0.0
2020,Jawa Tengah,Kab. Brebes,25.0,3.0,40.0,5.0,5.0,11.0,11.0
2020,Papua Barat Daya,Kab. Sorong Selatan,0.0,0.0,0.0,0.0,0.0,0.0,0.0
2020,Bali,Kota Denpasar,0.0,0.0,0.0,0.0,0.0,0.0,0.0
2020,Jawa Timur,Kab. Bondowoso,19.44,3.25,14.61,0.61,4.22,1.36,0.0
2020,Kalimantan Utara,Kab. Nunukan,0.0,0.0,0.0,0.0,0.0,0.0,0.0
2020,Jawa Tengah,Kab. Kudus,0.0,0.0,0.0,0.0,0.0,0.0,0.0
2021,Sumatera Barat,Kab. Tanah Datar,88.6,0.28,17.75,1.54,12.27,0.0,0.0
2021,Kalimantan Timur,Kota Balikpapan,336.66,9.02,29.66,42.03,21.9,6.28,19.39
2021,Riau,Kota Pekanbaru,0.0,0.0,0.0,0.0,0.0,0.0,0.0
2021,Sulawesi Barat,Kab. Majene,0.0,0.0,0.0,0.0,0.0,0.0,0.0
2021,Sumatera Utara,Kab. Karo,49.25,35.94,60.14,35.94,24.9,24.25,13.98
2021,Kalimantan Tengah,Kab. Pulang Pisau,38.1,0.1,2.3,6.5,3.9,0.0,0.0
2021,Papua,Kab. Keerom,20.0,10.0,40.0,15.0,5.0,5.0,5.0
2021,Sulawesi Selatan,Kab. Kepulauan Selayar,0.0,0.0,0.0,0.0,0.0,0.0,0.0
2021,Bali,Kab. Tabanan,0.0,0.0,530.0,0.0,0.0,0.0,0.0
2021,Jawa Timur,Kab. Trenggalek,0.0,0.0,0.0,0.0,0.0,0.0,0.0
2021,Kepulauan Riau,Kab. Bintan,19.41,6.5,10.5,7.3,5.8,3.4,3.5
2021,Aceh,Kab. Gayo Lues,16.0,6.0,11.0,2.0,3.0,0.0,2.0
2021,Jawa Tengah,Kab. Semarang,20.0,10.0,30.0,10.0,10.0,10.0,10.0
2021,Maluku Utara,Kota Tidore Kepulauan,36.32,6.36,18.16,13.62,9.06,5.47,1.82
2021,Kalimantan Selatan,Kab. Barito Kuala,37.5,9.3,19.0,10.5,14.7,4.0,5.0
2021,D.I. Yogyakarta,Kota Yogyakarta,180.63,2.13,31.43,72.43,37.8,1.07,1.91
2021,Lampung,Kab. Lampung Tengah,50.0,5.0,35.0,5.0,5.0,0.0,0.0
2021,Sulawesi Selatan,Kab. Maros,0.0,0.0,0.0,0.0,0.0,0.0,0.0
2021,Kalimantan Selatan,Kota Banjarbaru,0.0,0.0,0.0,0.0,0.0,0.0,0.0
2021,Sumatera Barat,Kota Payakumbuh,77.8,0.75,9.29,6.76,3.33,0.35,0.54
2021,Kalimantan Barat,Kab. Mempawah,0.0,0.0,0.0,0.0,0.0,0.0,0.0
2021,Jawa Timur,Kota Blitar,68.08,0.7,2.1,1.4,1.1,0.4,1.4
2021,Jawa Tengah,Kab. Batang,135.0,22.0,60.0,48.0,24.0,19.0,15.0
2021,DKI Jakarta,Kota Adm. Jakarta Timur,0.0,0.0,0.0,0.0,0.0,0.0,0.0
2021,Sulawesi Selatan,Kab. Jeneponto,0.99,0.33,6.6,3.3,3.96,0.49,3.79
2021,Kalimantan Selatan,Kab. Tanah Bumbu,0.0,0.0,0.0,0.0,0.0,0.0,0.0
2021,Lampung,Kota Metro,49.37,9.31,18.56,11.35,8.04,5.13,2.09
2021,Sumatera Barat,Kota Sawahlunto,0.0,0.0,0.0,0.0,0.0,0.0,0.0
2021,DKI Jakarta,Kota Adm. Jakarta Utara,0.0,0.0,0.0,0.0,0.0,0.0,0.0
2021,Sulawesi Utara,Kota Bitung,54.62,3.55,5.95,10.72,42.81,30.25,10.6
2021,Jawa Tengah,Kota Salatiga,0.0,0.0,0.0,0.0,0.0,0.0,0.0
2021,Sulawesi Selatan,Kab. Soppeng,0.0,0.0,0.0,0.0,0.0,0.0,0.0
2021,Nusa Tenggara Barat,Kab. Sumbawa,134.92,7.78,12.97,5.19,72.65,12.97,12.97
2021,Sulawesi Selatan,Kota Palopo,6.7,0.5,13.0,3.9,3.6,3.0,3.0
2021,Aceh,Kota Langsa,10.0,2.2,14.0,12.0,12.08,2.5,0.0
2021,Kalimantan Tengah,Kab. Barito Utara,32.5,5.2,24.0,2.0,1.5,2.0,1.5
2021,Jawa Barat,Kab. Ciamis,281.8,23.0,94.9,97.8,28.8,23.0,23.0
2021,Sulawesi Tengah,Kab. Parigi Moutong,0.0,0.0,0.0,0.0,0.0,0.0,0.0
2021,Papua Pegunungan,Kab. Lanny Jaya,0.0,0.0,0.0,0.0,0.0,0.0,0.0
2021,Kepulauan Bangka Belitung,Kab. Bangka Selatan,25.0,2.0,7.0,5.0,10.0,15.0,16.0
2021,Sulawesi Selatan,Kab. Luwu Timur,46.2,11.2,22.7,11.3,5.9,5.9,16.8
2021,Jawa Timur,Kab. Tuban,136.8,0.7,129.0,70.88,55.95,95.62,15.0
2021,Jawa Tengah,Kab. Pati,0.0,0.0,0.0,0.0,0.0,0.0,0.0
2021,Kepulauan Riau,Kota Tanjung Pinang,0.0,0.0,0.0,0.0,0.0,0.0,0.0
2021,Maluku,Kab. Buru Selatan,5.11,0.41,2.51,9.92,1.57,0.0,1.05
2021,Sumatera Utara,Kab. Asahan,0.0,0.0,0.0,0.0,0.0,0.0,0.0
2021,Kalimantan Tengah,Kota Palangkaraya,69.27,20.36,18.88,13.9,5.85,3.05,16.61
2021,D.I. Yogyakarta,Kab. Kulon Progo,0.43,0.0,0.23,0.0,0.0,0.0,0.0
2021,Jawa Timur,Kab. Kediri,0.0,0.0,0.0,0.0,0.0,0.0,0.0
2021,Sulawesi Selatan,Kab. Pinrang,0.0,0.0,0.0,0.0,0.0,0.0,0.0
2021,Nusa Tenggara Timur,Kab. Manggarai Barat,60.0,0.1,5.03,17.6,13.88,0.65,6.81
2021,Jawa Timur,Kab. Magetan,14.94,0.0,12.86,0.0,0.0,0.0,0.0
2021,Jambi,Kab. Bungo,16.7,1.5,67.3,1.5,1.2,2.6,64.6
2021,Sumatera Utara,Kab. Langkat,8.5,5.4,7.6,6.0,3.9,1.9,2.8
2021,Sumatera Utara,Kota Tebing Tinggi,74.66,9.43,21.17,8.81,4.36,3.67,0.39
2021,Jawa Timur,Kab. Pamekasan,240.0,3.0,10.0,6.0,5.0,2.5,6.0
2021,Jawa Tengah,Kab. Tegal,0.0,0.0,0.0,0.0,0.0,0.0,0.0
2021,Banten,Kota Cilegon,0.0,0.0,0.0,0.0,0.0,0.0,0.0
2021,Sumatera Barat,Kab. Lima Puluh Kota,0.0,0.0,0.0,0.0,0.0,0.0,0.0
2021,Bali,Kab. Buleleng,527.27,1.56,6.78,1.36,1.16,0.53,0.39
2021,Jawa Timur,Kab. Banyuwangi,0.07,0.0,0.25,0.05,0.56,0.15,0.01
2021,Jawa Tengah,Kab. Magelang,0.0,0.0,0.0,0.0,0.0,0.0,0.0
2021,Kalimantan Timur,Kota Bontang,82.2,5.06,5.91,0.0,3.03,0.0,3.8
2021,Jawa Barat,Kota Bogor,418.73,33.77,87.8,47.28,20.26,27.01,40.52
2021,Papua Barat,Kab. Manokwari,131.7,0.0,19.8,4.4,4.12,0.0,0.0
2021,Sulawesi Selatan,Kab. Bantaeng,31.37,0.92,1.8,2.3,0.09,0.0,3.12
2021,Nusa Tenggara Timur,Kab. Alor,0.0,0.0,0.0,0.0,0.0,0.0,0.0
2021,Sulawesi Utara,Kab. Minahasa Selatan,15.0,0.5,4.0,0.8,0.7,1.0,1.0
2021,Jawa Timur,Kota Madiun,0.0,0.0,0.0,0.0,0.0,0.0,0.0
2021,Jawa Barat,Kab. Indramayu,242.58,88.21,165.39,110.27,110.26,220.52,165.39
2021,Kalimantan Selatan,Kab. Hulu Sungai Selatan,48.31,0.79,35.02,5.69,4.71,3.6,1.88
2021,Bali,Kab. Jembrana,56.38,2.8,12.4,15.4,7.32,3.1,2.6
2021,Lampung,Kab. Way Kanan,301.74,2.36,10.8,0.84,0.08,0.0,22.62
2021,Nusa Tenggara Barat,Kab. Lombok Timur,90.24,0.15,15.0,3.0,10.73,0.47,21.0
2021,Jawa Tengah,Kab. Sukoharjo,172.54,32.35,50.32,43.13,17.98,28.76,14.38
2021,Kepulauan Bangka Belitung,Kota Pangkal Pinang,47.7,7.3,21.1,8.6,4.3,6.2,4.8
2021,Riau,Kab. Indragiri Hilir,20.0,0.1,14.7,0.1,0.1,0.0,0.0
2021,Jawa Timur,Kota Probolinggo,49.68,0.4,14.2,2.5,0.8,1.8,0.9
2021,D.I. Yogyakarta,Kab. Sleman,0.0,0.0,0.0,0.0,0.0,0.0,0.0
2021,Jawa Barat,Kota Bekasi,921.0,47.0,435.0,211.0,69.0,73.0,24.0
2021,Papua Tengah,Kab. Nabire,0.0,0.0,0.0,0.0,0.0,0.0,0.0
2021,Kalimantan Selatan,Kota Banjarmasin,332.48,3.55,76.68,26.49,56.32,10.64,0.3
2021,Jambi,Kab. Merangin,30.0,10.0,30.0,5.0,20.0,5.0,0.0
2021,Sulawesi Utara,Kota Kotamobagu,49.35,6.21,11.9,7.2,6.45,0.0,5.39
2021,Sumatera Selatan,Kota Prabumulih,22585.13,5211.95,2084.78,1737.32,1737.32,694.93,694.93
2021,Kalimantan Selatan,Kab. Tabalong,37.56,6.92,18.78,20.76,6.92,6.92,1.0
2021,Bali,Kab. Gianyar,398.0,4.61,16.15,0.0,7.17,48.96,2.08
2021,Jawa Timur,Kab. Blitar,0.0,0.0,0.0,0.0,0.0,0.0,0.0
2021,Sulawesi Selatan,Kab. Sidenreng Rappang,93.06,4.45,7.2,3.49,8.89,2.22,8.68
2021,Jawa Tengah,Kab. Sragen,196.5,77.2,143.6,46.6,10.41,105.38,6.48
2021,Sulawesi Tenggara,Kab. Wakatobi,0.0,0.0,0.0,0.0,0.0,0.0,0.0
2021,Kalimantan Barat,Kota Singkawang,0.0,0.0,0.0,0.0,0.0,0.0,0.0
2021,Sulawesi Barat,Kab. Mamuju,0.0,0.0,0.0,0.0,0.0,0.0,0.0
2021,Kalimantan Tengah,Kab. Gunung Mas,94.78,2.35,8.0,0.0,0.0,0.0,23.93
2021,Papua,Kab. Biak Numfor,27.57,3.73,9.76,3.21,3.58,6.61,0.0
2021,Sulawesi Tengah,Kota Palu,0.0,0.0,0.0,0.0,0.0,0.0,0.0
2021,Jawa Timur,Kab. Ponorogo,37.5,3.22,16.4,7.29,5.25,15.74,14.6
2021,Sulawesi Selatan,Kab. Barru,45.57,7.6,4.56,2.28,4.56,7.6,3.8
2021,Sumatera Barat,Kab. Solok Selatan,17.39,0.2,2.01,5.21,0.0,0.0,0.0
2021,Kalimantan Timur,Kab. Kutai Kartanegara,61.52,8.61,1.14,5.8,55.34,89.23,0.95
2021,Jawa Tengah,Kab. Demak,65.0,0.0,12.0,0.0,0.0,0.0,0.0
2021,Kalimantan Selatan,Kab. Banjar,0.0,0.0,0.0,0.0,0.0,0.0,0.0
2021,Jawa Barat,Kota Cirebon,92.53,1.27,8.01,58.0,22.09,13.89,8.68
2021,Sulawesi Selatan,Kab. Bone,190.0,34.1,73.6,29.3,22.7,16.3,11.5
2021,Kepulauan Bangka Belitung,Kab. Belitung,28.0,0.8,6.0,2.5,2.5,2.5,2.7
2021,Aceh,Kab. Aceh Selatan,1.1,0.95,6.0,5.65,5.95,0.4,0.0
2021,Kalimantan Barat,Kab. Sambas,277.38,0.9,37.6,0.0,0.0,0.0,0.0
2021,Sulawesi Utara,Kab. Bolaang Mongondow Utara,40.0,10.0,10.0,5.0,20.0,5.0,10.0
2021,DKI Jakarta,Kota Adm. Jakarta Selatan,0.0,0.0,0.0,0.0,0.0,0.0,0.0
2021,Jawa Tengah,Kab. Purbalingga,69.55,3.17,8.72,1.55,10.85,1.9,13.26
2021,Lampung,Kota Bandar Lampung,40.9,8.2,17.3,18.1,6.3,5.8,3.4
2021,Sumatera Barat,Kota Solok,32.32,0.51,16.21,0.43,1.24,0.05,1.72
2021,Kalimantan Timur,Kab. Penajam Paser Utara,13.0,2.0,5.0,2.5,2.0,1.5,2.0
2021,Jawa Timur,Kota Kediri,0.0,0.0,0.0,0.0,0.0,0.0,0.0
2021,Sulawesi Utara,Kota Manado,0.0,0.0,0.0,0.0,0.0,0.0,0.0
2021,Jawa Tengah,Kota Magelang,0.0,0.0,0.0,0.0,0.0,0.0,0.0
2021,Jawa Barat,Kab. Sumedang,105.0,0.5,12.0,3.0,0.5,4.0,4.0
2021,Sumatera Selatan,Kab. Ogan Komering Ulu Timur,1.0,0.2,18.0,0.4,0.4,0.9,2.9
2021,Sulawesi Selatan,Kota Parepare,32.75,5.25,15.9,8.75,4.1,7.5,2.0
2021,DKI Jakarta,Kota Adm. Jakarta Pusat,0.0,0.0,0.0,0.0,0.0,0.0,0.0
2021,Jawa Tengah,Kab. Pemalang,0.0,0.0,0.0,0.0,0.0,0.0,0.0
2021,Jawa Barat,Kab. Garut,0.0,0.0,0.0,0.0,0.0,0.0,0.0
2021,Papua Selatan,Kab. Asmat,28.5,3.0,4.4,2.81,1.29,3.62,1.02
2021,Sumatera Barat,Kab. Agam,0.0,0.0,0.0,0.0,0.0,0.0,0.0
2021,Jawa Tengah,Kab. Wonosobo,0.0,0.0,0.0,0.0,0.0,0.0,0.0
2021,Jawa Timur,Kab. Bojonegoro,0.0,0.0,0.0,0.0,0.0,0.0,0.0
2021,Jawa Tengah,Kab. Rembang,52.28,3.68,1661.23,0.02,152.0,0.0,11.86
2021,Aceh,Kota Sabang,7.0,3.0,0.5,4.5,0.5,2.0,2.0
2021,Sumatera Utara,Kab. Simalungun,0.0,0.0,0.0,0.0,0.0,0.0,0.0
2021,Kalimantan Tengah,Kab. Barito Timur,5.94,0.0,4.5,0.0,1.4,0.5,0.7
2021,Jawa Tengah,Kota Tegal,159.7,0.23,7.5,23.41,10.5,12.51,45.73
2021,Kalimantan Selatan,Kab. Hulu Sungai Utara,23.69,0.63,16.93,2.91,6.43,11.51,5.79
2021,Nusa Tenggara Barat,Kota Mataram,174.23,5.28,34.32,23.76,10.56,7.92,7.92
2021,Jawa Timur,Kab. Nganjuk,181.32,22.95,94.99,8.88,23.3,47.63,64.81
2021,Riau,Kab. Siak,17.4,4.5,7.0,2.0,4.3,2.8,1.0
2021,Sumatera Utara,Kab. Tapanuli Utara,2.0,2.0,0.51,0.5,2.0,1.0,0.0
2021,Papua Barat Daya,Kab. Tambrauw,3.5,1.5,2.0,1.0,1.0,1.0,1.35
2021,Sumatera Barat,Kab. Dharmasraya,0.0,2.29,0.94,0.0,0.1,0.0,11.2
2021,Jawa Tengah,Kab. Jepara,0.0,0.0,0.0,0.0,0.0,0.0,0.0
2021,Kalimantan Tengah,Kab. Kapuas,8.9,0.61,4.95,3.83,1.45,1.57,0.0
2021,Sumatera Selatan,Kab. Lahat,60.0,1.0,5.0,2.0,0.5,0.0,4.0
2021,Sulawesi Tengah,Kab. Donggala,3.0,0.5,2.0,1.5,1.69,1.0,1.0
2021,Kalimantan Selatan,Kab. Kotabaru,0.0,0.0,0.0,0.0,0.0,0.0,0.0
2021,Jawa Barat,Kota Bandung,955.53,63.7,159.25,95.55,211.81,79.63,27.08
2021,Jawa Timur,Kab. Lumajang,0.0,0.0,0.0,0.0,0.0,0.0,0.0
2021,Kalimantan Timur,Kota Samarinda,0.0,0.0,0.0,0.0,0.0,0.0,0.0
2021,Sulawesi Utara,Kab. Minahasa Tenggara,0.0,0.0,0.0,0.0,0.0,0.0,0.0
2021,Maluku,Kab. Maluku Tengah,12.0,0.2,2.0,0.0,0.0,0.0,0.0
2021,Jawa Timur,Kota Batu,15000.0,10000.0,12000.0,4000.47,762.0,0.0,0.0
2021,Papua,Kota Jayapura,165.15,46.1,23.21,9.61,6.7,2.5,0.0
2021,Sulawesi Selatan,Kab. Bulukumba,0.0,0.0,0.0,0.0,0.0,0.0,0.0
2021,Jawa Tengah,Kab. Banyumas,99999.99,16242.0,35733.0,68218.0,19491.0,12994.0,9747.0
2021,Kepulauan Riau,Kab. Karimun,73.3,5.4,18.3,20.1,36.65,29.33,0.27
2021,Kalimantan Barat,Kota Pontianak,0.0,0.0,0.0,0.0,0.0,0.0,0.0
2021,Sulawesi Utara,Kab. Bolaang Mongondow Selatan,25.0,15.0,20.0,15.0,15.0,5.0,5.0
2021,Sumatera Utara,Kota Pematang Siantar,162.0,5.4,22.02,12.0,6.0,12.0,13.6
2021,Kalimantan Selatan,Kab. Tapin,61.02,1.93,6.04,2.19,2.7,2.09,1.38
2021,Banten,Kota Tangerang Selatan,0.0,0.0,0.0,0.0,0.0,0.0,0.0
2021,Jawa Timur,Kab. Pacitan,13.8,0.0,15.2,0.92,0.81,1.22,1.0
2021,Jawa Barat,Kota Cimahi,0.0,0.0,0.0,0.0,0.0,0.0,0.0
2021,Lampung,Kab. Tanggamus,138.6,4.2,76.5,19.4,9.4,4.2,8.5
2021,Sulawesi Selatan,Kab. Pangkajene Kepulauan,84.09,5.14,23.71,19.65,1.18,4.04,0.47
2021,Kalimantan Timur,Kab. Paser,81.43,2.29,10.31,5.73,2.29,2.29,0.0
2021,Jawa Tengah,Kab. Klaten,142.44,0.73,2.62,1.2,13.73,14.0,0.0
2021,Kalimantan Utara,Kab. Tana Tidung,10.82,1.2,0.8,0.0,0.0,0.0,0.0
2021,Kalimantan Barat,Kab. Sanggau,238.7,0.26,0.16,8.03,0.0,0.0,0.0
2021,Jawa Timur,Kota Malang,0.0,0.0,0.0,0.0,0.0,0.0,0.0
2021,Jawa Barat,Kab. Bandung,0.0,0.0,0.0,0.0,0.0,0.0,0.0
2021,Kalimantan Selatan,Kab. Balangan,26.76,5.16,9.94,6.72,2.78,3.9,1.3
2021,Kepulauan Bangka Belitung,Kab. Bangka,79.79,6.62,17.57,9.92,3.84,5.1,7.65
2021,Sumatera Barat,Kota Padang Panjang,38.13,0.36,6.76,1.52,1.0,0.01,0.63
2021,Riau,Kota Dumai,0.0,0.0,0.0,0.0,0.0,0.0,0.0
2021,Jawa Tengah,Kab. Temanggung,265.09,24.68,23.66,43.58,76.51,0.0,46.64
2021,Sulawesi Utara,Kota Tomohon,0.0,0.0,0.0,0.0,0.0,0.0,0.0
2021,Sumatera Utara,Kab. Deli Serdang,477.07,67.87,255.5,67.87,100.5,25.95,123.4
2021,Jawa Tengah,Kota Semarang,432.28,35.85,51.95,16.17,30.46,84.28,530.0
2021,Sumatera Selatan,Kota Palembang,808.13,14.41,99.75,149.15,91.44,15.17,2.2
2021,Sumatera Barat,Kab. Pesisir Selatan,86.1,16.0,28.3,1.5,18.0,3.6,0.0
2021,Bali,Kab. Badung,0.0,0.0,0.0,0.0,0.0,0.0,0.0
2021,Jawa Timur,Kab. Tulungagung,0.0,0.0,0.0,0.0,0.0,0.0,0.0
2021,Sulawesi Selatan,Kab. Wajo,64.73,12.3,20.36,17.04,7.2,4.46,25.55
2021,Jawa Tengah,Kab. Karanganyar,350.0,0.0,3600.0,0.0,0.0,0.0,0.0
2021,Sulawesi Utara,Kab. Kepulauan Sangihe,65.84,1.0,13.17,4.39,1.31,0.0,1.75
2021,Sumatera Utara,Kab. Tapanuli Tengah,0.0,0.0,0.0,0.0,0.0,0.0,0.0
2021,Kalimantan Tengah,Kab. Seruyan,5980.29,80.93,16.29,0.0,0.0,0.0,0.0
2021,Jawa Barat,Kab. Cirebon,0.0,0.0,0.0,0.0,0.0,0.0,0.0
2021,Sulawesi Tengah,Kab. Banggai Laut,0.0,0.0,0.0,0.0,0.0,0.0,0.0
2021,Jawa Timur,Kab. Situbondo,0.0,0.0,0.0,0.0,0.0,0.0,0.0
2021,Sulawesi Selatan,Kota Makassar,0.0,0.0,0.0,0.0,0.0,0.0,0.0
2021,DKI Jakarta,Kab. Adm. Kep. Seribu,0.0,0.0,0.0,0.0,0.0,0.0,0.0
2021,Maluku,Kota Tual,0.0,0.9,15.0,0.5,2.3,10.0,5.0
2021,Sumatera Utara,Kab. Toba,0.0,0.0,0.0,0.0,0.0,0.0,0.0
2021,Banten,Kab. Serang,0.0,0.0,0.0,0.0,0.0,0.0,0.0
2021,Sulawesi Selatan,Kab. Sinjai,54.4,0.73,21.16,12.09,6.04,9.07,4.82
2021,Sulawesi Selatan,Kab. Enrekang,0.0,0.0,0.0,0.0,0.0,0.0,0.0
2021,Nusa Tenggara Timur,Kota Kupang,105.11,17.52,42.7,24.09,16.42,8.76,4.38
2021,Jawa Timur,Kab. Ngawi,0.0,0.0,0.0,0.0,0.0,0.0,0.0
2021,DKI Jakarta,Kota Adm. Jakarta Barat,0.0,0.0,0.0,0.0,0.0,0.0,0.0
2021,Sulawesi Barat,Kab. Mamuju Tengah,0.0,0.0,0.0,0.0,0.0,0.0,11.0
2021,Jambi,Kota Jambi,51.3,2.45,18.7,9.24,6.27,3.79,8.25
2021,Jawa Tengah,Kab. Cilacap,724.6,0.48,44.61,0.17,8.89,6.1,6.12
2021,Sumatera Barat,Kota Padang,462.0,14.0,88.0,20.0,40.41,7.0,8.0
2021,Kalimantan Timur,Kab. Kutai Timur,55.0,4.0,20.0,4.0,7.0,7.0,3.0
2021,Jawa Timur,Kab. Sumenep,360.2,0.61,5.4,1.15,39.01,19.08,24.84
2021,Jawa Tengah,Kab. Brebes,50.0,4.0,36.0,1.0,1.0,1.0,7.0
2021,Papua,Kab. Jayapura,84.24,0.53,9.0,160.0,391.0,0.14,0.0
2021,Papua Barat Daya,Kab. Sorong Selatan,0.0,0.0,0.0,0.0,0.0,0.0,0.0
2021,Bali,Kota Denpasar,0.0,0.0,0.0,0.0,0.0,0.0,0.0
2021,Kalimantan Utara,Kab. Nunukan,0.0,0.0,0.0,0.0,0.0,0.0,0.0
2021,Gorontalo,Kota Gorontalo,33.0,15.0,1700.0,21.0,10.0,4.0,0.0
2021,Jawa Tengah,Kab. Pekalongan,197.64,34.88,19.38,19.38,15.5,100.76,0.0
2021,Sumatera Selatan,Kab. Muara Enim,60.6,25.7,57.9,4.0,0.1,0.1,0.0
2021,Kalimantan Selatan,Kab. Tanah Laut,14.4,1.8,7.2,2.7,2.25,1.2,0.45
2021,Jawa Barat,Kota Sukabumi,154.42,3.03,5.66,2.98,12.56,0.59,0.0
2021,Bengkulu,Kab. Seluma,4.25,0.0,0.0,0.0,0.0,0.0,0.0
2021,Bali,Kab. Bangli,82.14,0.02,5.94,0.45,4.08,1.2,2.76
2021,Jawa Tengah,Kab. Purworejo,92.96,0.2,0.34,0.2,0.58,0.0,0.0
2021,Jawa Tengah,Kab. Blora,92.0,23.0,46.0,25.0,23.0,14.0,7.0
2021,Sulawesi Tenggara,Kota Kendari,163.02,8.12,18.78,2.18,2.45,5.23,1.58
2021,Aceh,Kota Banda Aceh,190.29,0.57,9.23,46.18,2.36,0.0,0.05
2021,Jawa Timur,Kota Surabaya,0.0,0.0,0.0,0.0,0.0,0.0,0.0
2021,Kalimantan Selatan,Kab. Hulu Sungai Tengah,18.3,2.79,20.5,8.0,2.1,2.0,1.63
2021,Lampung,Kab. Pringsewu,0.0,0.0,0.0,0.0,0.0,0.0,0.0
2021,Jawa Timur,Kab. Jombang,84.05,0.6,29.19,1.2,4.2,1.2,1.81
2021,Jawa Tengah,Kab. Wonogiri,0.0,0.0,0.0,0.0,0.0,0.0,0.0
2021,Kalimantan Barat,Kab. Melawi,0.0,0.0,0.0,0.0,0.0,0.0,0.0
2021,Aceh,Kota Subulussalam,26.0,1.5,6.0,2.5,4.0,26.0,0.0
2021,Jawa Timur,Kota Pasuruan,76.14,0.66,19.69,1.31,16.41,6.56,10.5
2021,Sumatera Selatan,Kab. Musi Banyuasin,145.0,12.0,21.0,25.0,13.0,20.0,23.0
2021,Sulawesi Tengah,Kab. Sigi,0.5,0.5,0.3,6.51,0.4,0.0,0.0
2021,Sumatera Utara,Kota Medan,0.0,0.0,0.0,0.0,0.0,0.0,0.0
2021,Jawa Barat,Kota Depok,156.2,7.4,104.2,29.8,409.2,22.3,14.9
2021,Sumatera Barat,Kab. Pasaman,0.0,0.0,0.0,0.0,0.0,0.0,0.0
2021,Jawa Tengah,Kab. Boyolali,0.0,0.0,0.0,0.0,0.0,0.0,0.0
2021,Kepulauan Bangka Belitung,Kab. Bangka Tengah,0.0,0.0,0.0,0.0,0.0,0.0,0.0
2021,Jawa Timur,Kab. Lamongan,30.14,0.28,0.32,0.41,0.5,10.21,58.14
2022,Jawa Timur,Kota Blitar,68.88,0.7,2.1,1.4,1.1,0.4,1.4
2022,Jawa Tengah,Kab. Batang,140.0,24.1,60.0,48.0,24.0,19.0,15.0
2022,DKI Jakarta,Kota Adm. Jakarta Timur,0.0,0.0,0.0,0.0,0.0,0.0,0.0
2022,Sulawesi Tengah,Kab. Banggai,90.0,1.5,40.0,7.9,30.0,19.0,0.0
2022,Banten,Kab. Tangerang,33.98,9.6,14.97,1.47,14.73,13.19,12.06
2022,Papua Barat,Kab. Kaimana,10.0,9.0,2.47,3.0,1.0,1.0,0.53
2022,Bengkulu,Kab. Bengkulu Utara,17.72,3.3,8.21,2.7,2.2,0.76,4.9
2022,Sulawesi Selatan,Kab. Jeneponto,2.5,0.5,6.5,3.0,3.9,0.4,3.8
2022,Kalimantan Selatan,Kab. Tanah Bumbu,129.63,0.51,6.82,6.31,0.51,0.0,26.78
2022,Lampung,Kota Metro,49.37,9.31,18.56,8.5,8.04,4.13,2.09
2022,Sumatera Barat,Kota Sawahlunto,12.59,0.32,2.33,0.18,1.4,0.28,1.08
2022,Kepulauan Riau,Kab. Lingga,16.3,0.1,0.7,5.1,3.9,1.2,0.3
2022,Sulawesi Tenggara,Kab. Buton Selatan,0.0,0.0,0.0,0.0,0.0,0.0,0.0
2022,DKI Jakarta,Kota Adm. Jakarta Utara,0.0,0.0,0.0,0.0,0.0,0.0,0.0
2022,Sulawesi Utara,Kota Bitung,54.62,3.55,5.95,10.72,45.81,25.25,9.6
2022,Jawa Tengah,Kota Salatiga,0.0,0.0,0.0,0.0,0.0,0.0,0.75
2022,Jawa Barat,Kab. Karawang,878.7,1.1,2.6,0.0,15.9,102.0,3.7
2022,Sumatera Selatan,Kab. Penukal Abab Lematang Ilir,82.98,1.97,5.58,2.1,4.56,0.97,1.95
2022,Sumatera Utara,Kota Padangsidimpuan,0.0,0.0,0.0,0.0,0.0,0.0,0.0
2022,Sulawesi Selatan,Kab. Soppeng,44.19,7.53,15.2,8.06,3.28,13.89,2.08
2022,Kalimantan Timur,Kab. Kutai Barat,0.0,0.0,0.0,0.0,0.0,0.0,0.0
2022,Nusa Tenggara Barat,Kab. Sumbawa,134.92,10.76,18.16,20.32,52.65,12.97,10.0
2022,Sulawesi Selatan,Kota Palopo,6.7,0.5,13.0,4.2,3.6,3.0,3.0
2022,Riau,Kab. Rokan Hulu,0.0,0.0,0.0,0.0,0.0,0.0,0.0
2022,Sulawesi Utara,Kab. Minahasa,0.0,0.0,0.0,0.0,0.0,0.0,0.0
2022,Sulawesi Utara,Kab. Kep. Siau Tagulandang Biaro,6.75,0.36,0.9,0.0,3.33,0.0,0.0
2022,Aceh,Kota Langsa,20.0,4.02,13.4,10.0,8.2,2.2,0.0
2022,Kalimantan Tengah,Kab. Barito Utara,32.5,5.2,24.0,2.0,1.5,2.0,1.5
2022,Jawa Barat,Kab. Ciamis,289.0,24.0,100.0,100.0,30.0,24.0,24.0
2022,Sulawesi Tengah,Kab. Parigi Moutong,0.0,0.0,0.0,0.0,0.0,0.0,0.0
2022,Papua Barat Daya,Kab. Sorong,0.0,0.0,0.0,0.0,0.0,0.0,0.0
2022,Sulawesi Selatan,Kab. Luwu Timur,46.4,11.2,22.7,11.3,5.9,5.9,16.8
2022,Aceh,Kab. Aceh Timur,19.3,5.04,10.0,8.0,5.0,2.0,2.0
2022,Jawa Timur,Kab. Tuban,138.15,0.7,129.0,70.89,55.95,95.62,15.0
2022,Kepulauan Riau,Kota Tanjung Pinang,0.0,0.0,0.0,0.0,0.0,0.0,0.0
2022,Gorontalo,Kab. Pohuwato,6.4,1.1,3.3,1.2,0.9,0.5,1.5
2022,Maluku,Kab. Buru Selatan,5.43,0.41,2.51,9.92,1.6,0.0,1.05
2022,Sumatera Utara,Kab. Asahan,0.0,0.0,0.0,0.0,0.0,0.0,0.0
2022,Kalimantan Tengah,Kota Palangkaraya,72.27,20.36,19.87,13.9,5.85,3.05,16.61
2022,D.I. Yogyakarta,Kab. Kulon Progo,0.43,0.0,0.23,0.0,0.0,0.0,0.0
2022,Papua Barat,Kab. Teluk Wondama,0.0,0.0,0.0,0.0,0.0,0.0,0.0
2022,Jawa Timur,Kab. Kediri,0.0,0.0,0.0,0.0,0.0,0.0,0.0
2022,Sulawesi Selatan,Kab. Pinrang,120.0,30.0,5.0,5.0,10.0,5.0,5.0
2022,Nusa Tenggara Timur,Kab. Manggarai Barat,2.0,2.0,5.0,8.0,5.0,0.5,0.0
2022,Jawa Timur,Kab. Magetan,14.94,2.52,12.86,1.0,10.89,0.0,0.0
2022,Jawa Tengah,Kab. Grobogan,0.0,0.0,0.0,0.0,0.0,0.0,0.0
2022,Sulawesi Tenggara,Kab. Kolaka Utara,5.0,1.0,2.0,1.0,1.0,2.0,3.0
2022,Jambi,Kab. Bungo,16.7,1.5,67.3,1.5,1.2,2.6,64.6
2022,Sumatera Utara,Kab. Langkat,8.5,5.4,7.6,6.0,3.9,1.9,2.8
2022,Sumatera Utara,Kota Tebing Tinggi,76.85,9.5,22.32,9.0,4.2,2.57,0.18
2022,Jawa Barat,Kota Banjar,0.0,0.0,0.0,0.0,0.0,0.0,0.0
2022,Sumatera Barat,Kab. Pasaman Barat,50.0,5.0,20.0,15.0,5.0,0.0,5.0
2022,Kalimantan Timur,Kab. Berau,65.55,1.58,8.66,5.3,3.85,11.0,4.06
2022,Jawa Timur,Kab. Mojokerto,472.17,24.79,159.35,70.83,28.33,53.12,17.71
2022,Jawa Timur,Kab. Pamekasan,247.0,3.0,10.0,6.0,5.0,2.5,6.8
2022,Jawa Tengah,Kab. Tegal,45.0,8.0,17.0,18.0,6.0,4.0,2.0
2022,Banten,Kota Cilegon,225.13,0.0,58.08,0.0,0.0,0.0,0.0
2022,Sumatera Barat,Kab. Lima Puluh Kota,0.0,0.0,0.0,0.0,0.0,0.0,0.0
2022,Bali,Kab. Buleleng,0.0,0.0,0.0,0.0,0.0,0.0,0.0
2022,Jawa Timur,Kab. Banyuwangi,0.0,0.0,0.0,0.0,0.0,0.0,0.0
2022,Kalimantan Timur,Kota Bontang,82.2,5.06,5.91,0.0,3.03,0.0,3.8
2022,Sumatera Selatan,Kab. Ogan Komering Ulu,51.85,0.5,2.8,0.2,0.15,1.5,0.0
2022,Banten,Kab. Lebak,1.3,119.8,8.0,50.3,132.4,131.3,69.3
2022,Jawa Barat,Kota Bogor,460.0,23.91,36.0,143.48,45.43,20.96,6.87
2022,Papua Barat,Kab. Manokwari,137.05,0.0,19.8,4.4,4.12,0.0,0.0
2022,Sulawesi Selatan,Kab. Bantaeng,31.37,0.92,1.8,2.3,0.09,0.0,3.12
2022,Bali,Kab. Klungkung,21424.0,33.58,66575.0,3.65,0.0,0.0,0.0
2022,Jawa Tengah,Kab. Kebumen,0.0,0.0,0.0,0.0,0.0,0.0,0.0
2022,Sulawesi Utara,Kab. Minahasa Selatan,15.0,1.5,8.0,1.5,1.7,1.3,1.0
2022,Aceh,Kab. Pidie Jaya,17.0,6.5,22.0,26.5,8.0,9.5,10.5
2022,Jawa Timur,Kota Madiun,87.44,5.16,9.41,4.78,4.61,3.17,2.03
2022,Jawa Barat,Kab. Indramayu,416.5,35.6,182.6,81.3,57.9,174.8,164.8
2022,Papua,Kab. Sarmi,6.0,2.0,5.0,0.0,2.0,1.0,0.73
2022,Kalimantan Selatan,Kab. Hulu Sungai Selatan,48.31,0.79,35.02,5.69,4.71,3.6,1.88
2022,Bali,Kab. Jembrana,0.0,0.0,0.0,0.0,0.0,0.0,0.0
2022,Lampung,Kab. Way Kanan,187.05,1.19,5.4,0.1,0.08,0.0,18.85
2022,Nusa Tenggara Barat,Kab. Lombok Timur,132.4,0.15,17.82,3.0,5.16,0.47,21.0
2022,Jawa Tengah,Kab. Sukoharjo,175.73,26.32,50.42,43.17,17.98,31.76,14.38
2022,Aceh,Kab. Aceh Barat Daya,4.0,1.0,4.5,2.0,3.2,3.5,2.0
2022,Kalimantan Barat,Kab. Kapuas Hulu,108.35,0.19,8.35,0.0,0.0,0.0,0.0
2022,Jawa Timur,Kota Probolinggo,48.6,0.5,11.2,3.1,1.4,1.6,1.6
2022,Sumatera Selatan,Kab. Musi Rawas,0.0,0.0,0.0,0.0,0.0,0.0,0.0
2022,Jawa Barat,Kota Bekasi,921.0,47.0,435.0,211.0,69.0,73.0,24.0
2022,Papua Tengah,Kab. Mimika,0.0,0.0,0.0,0.0,0.0,0.0,0.0
2022,Aceh,Kab. Aceh Tenggara,20.0,14.0,25.0,15.0,8.0,8.0,1.0
2022,Jambi,Kab. Merangin,0.0,0.0,0.0,0.0,0.0,0.0,0.0
2022,Sulawesi Utara,Kota Kotamobagu,49.35,6.21,11.9,7.2,6.45,0.0,5.09
2022,Sumatera Selatan,Kota Prabumulih,54.52,5.96,19.6,1.13,1.24,13.21,2.75
2022,Sumatera Barat,Kab. Sijunjung,22.8,7.3,2.2,0.9,1.61,0.7,0.0
2022,Kalimantan Selatan,Kab. Tabalong,37.56,6.92,18.78,20.76,6.92,6.92,2.14
2022,Bali,Kab. Gianyar,0.0,0.0,0.0,0.0,0.0,0.0,0.0
2022,Sulawesi Selatan,Kab. Sidenreng Rappang,94.0,4.49,7.27,3.53,8.98,2.24,4.9
2022,Kalimantan Timur,Kab. Mahakam Ulu,10.0,1.0,4.0,0.2,0.0,0.0,0.1
2022,Jawa Tengah,Kab. Sragen,134.55,45.6,123.71,24.2,189.17,68.7,4.25
2022,Kepulauan Riau,Kab. Natuna,0.0,0.0,0.0,0.0,0.0,0.0,0.0
2022,Sulawesi Tenggara,Kab. Wakatobi,22.0,10.2,25.0,5.2,10.2,5.1,3.0
2022,Riau,Kab. Kuantan Singingi,0.0,0.0,0.0,0.0,0.0,0.0,0.0
2022,Aceh,Kab. Bener Meriah,37.85,0.28,2.01,21.06,2.25,0.8,1.0
2022,Kalimantan Barat,Kota Singkawang,0.0,0.0,0.0,0.0,0.0,0.0,0.0
2022,Sulawesi Barat,Kab. Mamuju,0.0,0.0,0.0,0.0,0.0,0.0,0.0
2022,Kalimantan Tengah,Kab. Gunung Mas,83.3,2.26,7.0,0.0,0.0,0.0,8.7
2022,Jawa Tengah,Kota Surakarta,148.51,74.26,2.75,74.26,3.44,0.13,54.46
2022,Papua,Kab. Biak Numfor,26.59,3.36,9.55,3.05,3.45,6.52,0.0
2022,Sulawesi Tengah,Kota Palu,137.44,0.46,36.65,20.68,4.96,2.61,0.14
2022,Jawa Timur,Kab. Ponorogo,37.5,3.22,16.4,7.29,5.25,15.74,14.6
2022,Jawa Barat,Kota Tasikmalaya,0.0,0.0,0.0,0.0,0.0,0.0,0.0
2022,Sulawesi Selatan,Kab. Barru,8.3,1.38,0.83,0.41,0.83,1.38,0.69
2022,Sumatera Barat,Kab. Solok Selatan,68.95,0.04,1.31,1.99,0.41,0.0,0.01
2022,Kalimantan Timur,Kab. Kutai Kartanegara,86.72,12.13,1.6,8.17,78.02,125.79,1.33
2022,Sulawesi Utara,Kab. Bolaang Mongondow,0.88,0.75,3.5,0.62,0.0,0.25,0.0
2022,Aceh,Kab. Aceh Singkil,31.0,1.0,10.0,4.0,3.0,2.0,1.77
2022,Jawa Tengah,Kab. Demak,0.0,0.34,234.16,0.0,0.0,0.0,0.0
2022,Kalimantan Selatan,Kab. Banjar,0.0,0.0,0.0,0.0,0.0,0.0,0.0
2022,Sulawesi Selatan,Kab. Bone,190.0,34.1,73.6,29.3,22.7,16.3,11.5
2022,Kepulauan Bangka Belitung,Kab. Belitung,14.34,0.54,8.95,2.0,1.8,2.71,11.74
2022,Sumatera Barat,Kota Bukittinggi,26.33,0.03,28.89,19.94,12.7,0.0,39.8
2022,Aceh,Kab. Aceh Selatan,1.1,0.92,6.0,5.65,5.95,0.4,0.0
2022,Kalimantan Barat,Kab. Sambas,317.82,0.9,37.6,0.0,0.0,0.0,0.0
2022,Gorontalo,Kab. Bone Bolango,20.82,2.33,12.81,7.79,3.62,3.18,0.0
2022,Sulawesi Utara,Kab. Bolaang Mongondow Utara,35.0,20.0,10.0,10.0,10.0,10.0,5.0
2022,Jawa Timur,Kota Kediri,72.68,0.71,35.33,24.52,8.27,19.68,0.71
2022,Jawa Tengah,Kab. Kendal,114.99,45.44,55.97,45.4,45.59,52.19,50.43
2022,DKI Jakarta,Kota Adm. Jakarta Selatan,0.0,0.0,0.0,0.0,0.0,0.0,0.0
2022,Jawa Tengah,Kab. Purbalingga,72.55,3.17,8.72,1.55,10.85,1.9,13.26
2022,Lampung,Kota Bandar Lampung,40.9,8.2,17.3,18.1,6.3,5.8,3.4
2022,Sumatera Barat,Kota Solok,32.71,1.6,16.21,0.45,1.53,0.04,1.73
2022,Kalimantan Timur,Kab. Penajam Paser Utara,13.0,2.0,5.0,2.5,2.0,1.5,2.0
2022,Nusa Tenggara Barat,Kota Bima,11.5,2.0,1.15,3.34,0.75,5.0,0.25
2022,DKI Jakarta,Kota Adm. Jakarta Pusat,0.0,0.0,0.0,0.0,0.0,0.0,0.0
2022,Sulawesi Utara,Kota Manado,0.0,0.0,0.0,0.0,0.0,0.0,0.0
2022,Jawa Tengah,Kota Magelang,0.0,0.0,0.0,0.0,0.0,0.0,0.0
2022,Jawa Barat,Kab. Sumedang,105.0,0.5,12.0,3.0,0.5,4.0,4.0
2022,Sumatera Selatan,Kab. Ogan Komering Ulu Timur,1.0,0.2,18.0,0.4,0.4,0.9,2.9
2022,Sulawesi Selatan,Kota Parepare,33.25,5.35,15.6,8.45,4.35,7.7,2.25
2022,Aceh,Kab. Simeulue,27.21,4.46,5.8,3.57,2.68,0.45,0.45
2022,Kalimantan Tengah,Kab. Barito Selatan,5.0,2.0,4.0,3.0,1.0,1.0,1.0
2022,Jawa Tengah,Kab. Pemalang,0.0,0.0,0.0,0.0,0.0,0.0,0.0
2022,Jawa Barat,Kab. Garut,0.0,0.0,0.0,0.0,0.0,0.0,0.0
2022,Sulawesi Tengah,Kab. Morowali,6.2,2.4,2.3,0.02,1.5,1.2,1.2
2022,Sumatera Utara,Kab. Humbang Hasundutan,49.1,0.75,5.5,0.0,1.45,0.0,2.5
2022,Papua Selatan,Kab. Asmat,29.0,2.0,4.0,3.0,4.12,2.63,0.8
2022,Sumatera Barat,Kab. Agam,0.0,0.0,0.0,0.0,0.0,0.0,0.0
2022,Jawa Timur,Kab. Jember,141.0,13.72,19.6,9.03,5.88,6.77,0.0
2022,Jawa Tengah,Kab. Wonosobo,125.0,2.92,35.0,3.5,8.97,0.0,5.0
2022,Jawa Timur,Kab. Bojonegoro,76.0,9.0,22.0,7.0,57.0,0.0,19.0
2022,Jawa Tengah,Kab. Rembang,52.28,3.68,1661.23,0.02,152.0,0.0,11.86
2022,Kepulauan Riau,Kota Batam,0.0,0.0,0.0,0.0,0.0,0.0,0.0
2022,Gorontalo,Kab. Gorontalo,102.86,7.91,18.99,4.75,11.08,1.58,11.08
2022,Aceh,Kota Sabang,7.0,3.0,0.5,4.5,0.5,2.0,2.0
2022,Jambi,Kota Sungai Penuh,19.92,1.47,18.64,2.88,0.66,2.77,2.53
2022,Sumatera Utara,Kab. Simalungun,254.1,50.8,138.25,12.1,79.3,13.8,45.8
2022,Kalimantan Tengah,Kab. Barito Timur,17.56,0.0,6.8,0.0,4.2,0.5,18.71
2022,Jawa Tengah,Kota Tegal,0.0,0.0,0.0,0.0,0.0,0.0,0.0
2022,Nusa Tenggara Barat,Kota Mataram,0.0,0.0,0.0,0.0,0.0,0.0,0.0
2022,Jawa Timur,Kab. Nganjuk,181.42,22.96,95.04,8.89,23.31,47.66,64.85
2022,Riau,Kab. Siak,17.4,4.5,7.0,2.0,4.3,2.8,1.0
2022,Sumatera Utara,Kab. Nias,4.6,0.5,0.5,0.0,0.0,0.0,1.25
2022,Sumatera Barat,Kab. Dharmasraya,0.0,0.0,0.0,0.0,0.0,0.0,0.0
2022,Riau,Kab. Bengkalis,168.01,24.05,15.41,6.87,32.01,17.42,11.21
2022,Jawa Timur,Kab. Sampang,55.0,0.08,4.0,0.05,2.0,27.04,11.83
2022,Jawa Tengah,Kab. Jepara,0.0,0.0,0.0,0.0,0.0,0.0,0.0
2022,Kalimantan Tengah,Kab. Kapuas,0.0,0.0,0.0,0.0,0.0,0.0,0.0
2022,Maluku Utara,Kab. Halmahera Utara,116.6,7.2,10.0,2.9,0.4,1.0,5.9
2022,Sumatera Selatan,Kab. Lahat,42.67,3.16,5.0,5.53,7.24,0.29,2.3
2022,Sulawesi Tengah,Kab. Donggala,3.0,0.5,2.0,1.5,1.69,1.0,1.0
2022,Kalimantan Selatan,Kab. Kotabaru,75.0,0.0,0.0,0.0,0.0,0.0,25.0
2022,Banten,Kota Tangerang,896.0,30.5,107.39,139.08,164.91,43.65,0.0
2022,Jawa Barat,Kota Bandung,60.0,4.0,10.0,6.0,13.3,5.0,1.7
2022,Bengkulu,Kab. Lebong,51.71,2.39,11.93,6.36,3.99,1.59,1.59
2022,Bali,Kab. Karangasem,24.0,7.0,9.0,5.0,7.0,8.0,1.0
2022,Jawa Timur,Kab. Lumajang,178.8,3.82,133.18,8.05,146.27,20.78,33.6
2022,Kalimantan Timur,Kota Samarinda,0.0,0.0,0.0,0.0,0.0,0.0,0.0
2022,Sulawesi Utara,Kab. Minahasa Tenggara,0.0,0.0,0.0,0.0,0.0,0.0,0.0
2022,Maluku,Kab. Maluku Tengah,0.0,0.0,0.0,0.0,0.0,0.0,0.0
2022,Jawa Timur,Kota Batu,11100.0,900.0,700.0,500.23,200.0,100.0,0.0
2022,Papua,Kota Jayapura,0.0,0.0,0.0,0.0,0.0,0.0,0.0
2022,Sulawesi Selatan,Kab. Bulukumba,0.0,0.0,0.0,0.0,0.0,0.0,0.0
2022,Sumatera Barat,Kab. Solok,6.0,1.0,4.0,2.0,2.0,1.0,1.0
2022,Jawa Tengah,Kab. Banyumas,99999.99,16242.0,35733.0,68218.0,19491.0,12994.0,9747.0
2022,Kepulauan Riau,Kab. Karimun,74.52,5.58,18.63,20.08,37.67,29.81,0.03
2022,Aceh,Kab. Aceh Tamiang,7.5,3.0,24.0,6.0,2.5,0.0,7.0
2022,Kalimantan Barat,Kota Pontianak,0.0,0.0,0.0,0.0,0.0,0.0,0.0
2022,Sulawesi Utara,Kab. Bolaang Mongondow Selatan,7.0,2.0,4.91,3.0,3.0,4.0,5.0
2022,Jawa Timur,Kota Mojokerto,77.5,4.5,7.5,3.9,2.1,4.5,0.0
2022,Sulawesi Tengah,Kab. Morowali Utara,0.0,0.0,0.0,0.0,0.0,0.0,0.0
2022,Sumatera Utara,Kota Pematang Siantar,169.01,4.83,24.14,12.07,4.82,12.08,14.48
2022,Kalimantan Selatan,Kab. Tapin,0.0,0.0,0.0,0.0,0.0,0.0,0.0
2022,Banten,Kota Tangerang Selatan,904.86,8.56,0.1,32.37,26.74,0.0,0.0
2022,Jawa Timur,Kab. Pacitan,23.16,0.0,9.6,1.62,0.89,1.79,0.63
2022,Jawa Barat,Kota Cimahi,0.0,0.0,0.0,0.0,0.0,0.0,0.0
2022,Lampung,Kab. Tanggamus,365.81,0.44,32.57,2.1,1.47,88.4,2.04
2022,Sulawesi Selatan,Kab. Pangkajene Kepulauan,84.09,5.14,23.71,19.65,1.18,4.04,0.47
2022,Kalimantan Timur,Kab. Paser,94.91,2.37,10.08,5.34,2.37,2.37,1.19
2022,Nusa Tenggara Barat,Kab. Lombok Tengah,255.0,20.0,52.0,32.0,13.0,20.0,20.0
2022,Jawa Tengah,Kab. Klaten,142.44,0.73,2.62,1.2,13.73,14.0,0.0
2022,Kepulauan Bangka Belitung,Kab. Belitung Timur,0.0,0.0,0.0,0.0,0.0,0.0,0.0
2022,Riau,Kab. Indragiri Hulu,5.0,1.0,9.0,3.0,1.0,1.0,2.0
2022,Kalimantan Utara,Kab. Tana Tidung,6.0,3.0,1.0,0.0,0.0,0.0,1.0
2022,Kalimantan Barat,Kab. Sanggau,246.14,0.26,0.16,8.03,0.0,0.0,0.0
2022,Jawa Timur,Kota Malang,364.74,2.4,23.05,110.45,48.46,183.6,32.1
2022,Jawa Barat,Kab. Bandung,0.0,0.0,0.0,0.0,0.0,0.0,0.0
2022,D.I. Yogyakarta,Kab. Gunungkidul,0.0,0.0,0.0,0.0,0.0,0.0,0.0
2022,Kalimantan Selatan,Kab. Balangan,26.76,5.16,9.94,6.72,2.78,3.9,1.3
2022,Kepulauan Bangka Belitung,Kab. Bangka,79.79,6.62,17.57,9.92,3.84,5.1,7.65
2022,Sumatera Barat,Kota Padang Panjang,38.13,0.36,6.76,1.52,1.0,0.01,0.63
2022,Riau,Kota Dumai,0.0,0.0,0.0,0.0,0.0,0.0,0.0
2022,Jawa Tengah,Kab. Temanggung,272.46,12.52,12.05,10.13,50.27,0.0,42.71
2022,Sulawesi Utara,Kota Tomohon,0.0,0.0,0.0,0.0,0.0,0.0,0.0
2022,Sumatera Utara,Kab. Deli Serdang,446.0,67.8,180.0,67.8,100.16,25.9,83.0
2022,Jawa Tengah,Kota Semarang,872.47,5.84,31.3,97.25,109.57,80.35,15.12
2022,Sumatera Selatan,Kota Palembang,893.48,14.5,103.75,100.1,70.55,15.25,7.35
2022,Sumatera Barat,Kab. Pesisir Selatan,86.1,16.0,28.3,1.5,18.0,3.6,0.0
2022,Bali,Kab. Badung,0.0,0.0,0.0,0.0,0.0,0.0,0.0
2022,Jawa Timur,Kab. Tulungagung,322.0,12.2,60.5,46.83,18.0,35.8,58.5
2022,Sulawesi Selatan,Kab. Wajo,5.29,0.31,1.2,0.04,0.04,0.23,25.55
2022,Nusa Tenggara Barat,Kab. Lombok Utara,0.0,0.0,0.0,0.0,0.0,0.0,0.0
2022,Jawa Tengah,Kab. Karanganyar,60.0,1.0,22.0,1.0,1.0,0.0,1.0
2022,Sulawesi Utara,Kab. Kepulauan Sangihe,65.84,1.32,13.17,4.39,1.31,0.0,1.75
2022,Aceh,Kab. Nagan Raya,13.5,1.0,8.5,2.85,1.5,1.5,1.0
2022,Sumatera Utara,Kab. Tapanuli Tengah,0.0,0.0,0.0,0.0,0.0,0.0,0.0
2022,Kalimantan Tengah,Kab. Seruyan,115.07,80.93,16.29,0.0,0.0,0.0,0.0
2022,Papua,Kab. Kepulauan Yapen,0.0,0.0,0.0,0.0,0.0,0.0,0.0
2022,Sumatera Selatan,Kab. Banyuasin,0.0,0.0,0.0,0.0,0.0,0.0,0.0
2022,Sulawesi Tengah,Kab. Banggai Laut,0.0,0.0,0.0,0.0,0.0,0.0,0.0
2022,Nusa Tenggara Barat,Kab. Lombok Barat,304.0,13.0,73.0,24.0,36.0,24.0,13.0
2022,Jawa Timur,Kab. Situbondo,0.0,0.0,0.0,0.0,0.0,0.0,0.0
2022,Aceh,Kab. Pidie,9.9,6.6,39.6,0.0,3.96,0.0,5.94
2022,Jawa Timur,Kab. Gresik,128.49,54.61,6.42,64.24,28.91,22.49,16.06
2022,DKI Jakarta,Kab. Adm. Kep. Seribu,5.14,0.0,0.0,0.0,0.0,0.0,0.0
2022,Sumatera Utara,Kab. Toba,0.0,0.0,0.0,0.0,0.0,0.0,0.0
2022,Banten,Kab. Serang,0.0,0.0,0.0,0.0,0.0,0.0,0.0
2022,Sulawesi Selatan,Kab. Sinjai,54.15,0.7,21.13,12.0,6.0,9.0,4.74
2022,Sulawesi Selatan,Kab. Enrekang,0.0,0.0,0.0,0.0,0.0,0.0,0.0
2022,Nusa Tenggara Timur,Kota Kupang,105.11,17.52,42.7,24.09,16.42,8.76,4.38
2022,Jawa Timur,Kab. Ngawi,0.0,0.0,0.0,0.0,0.0,0.0,0.0
2022,Kepulauan Riau,Kab. Kepulauan Anambas,0.0,0.0,0.0,0.0,0.0,0.0,0.0
2022,Sulawesi Tenggara,Kota Bau Bau,41.26,4.74,9.0,9.0,9.0,8.0,0.0
2022,DKI Jakarta,Kota Adm. Jakarta Barat,0.0,0.0,0.0,0.0,0.0,0.0,0.0
2022,Sulawesi Barat,Kab. Mamuju Tengah,0.0,0.0,0.0,0.0,0.0,0.0,0.0
2022,Jambi,Kota Jambi,51.3,2.45,18.7,9.24,6.27,3.79,8.25
2022,Jawa Barat,Kab. Bekasi,550.7,0.0,33.0,0.0,0.0,0.0,32.42
2022,Jawa Tengah,Kab. Cilacap,373.0,155.0,207.0,31.0,8.0,62.0,114.0
2022,Lampung,Kab. Tulang Bawang Barat,0.0,0.0,0.0,0.0,0.0,0.0,0.0
2022,Sumatera Barat,Kota Padang,465.15,14.1,88.6,20.13,40.68,7.05,8.05
2022,Kalimantan Timur,Kab. Kutai Timur,55.0,4.0,21.0,4.0,9.0,7.0,2.0
2022,Sulawesi Tenggara,Kab. Kolaka,78.39,3.62,18.09,6.03,10.85,1.2,2.4
2022,Aceh,Kab. Aceh Jaya,17.94,3.78,7.08,10.39,4.72,2.36,0.94
2022,Jawa Timur,Kab. Sumenep,0.0,0.0,0.0,0.0,0.0,0.0,0.0
2022,Jawa Tengah,Kab. Brebes,25.0,3.0,45.0,2.0,10.0,9.0,6.0
2022,Papua,Kab. Jayapura,78.0,0.53,9.0,3.5,8.0,0.27,0.0
2022,Bali,Kota Denpasar,0.0,0.0,0.0,0.0,0.0,0.0,0.0
2022,Kalimantan Utara,Kab. Nunukan,0.0,0.0,0.0,0.0,0.0,0.0,0.0
2022,Aceh,Kab. Aceh Barat,38.8,5.95,13.15,25.56,7.39,6.06,4.09
2022,Gorontalo,Kota Gorontalo,0.0,0.0,0.0,0.0,0.0,0.0,0.0
2022,Jawa Tengah,Kab. Pekalongan,162.88,75.78,77.03,22.34,22.69,17.26,12.62
2022,Sumatera Selatan,Kab. Muara Enim,60.6,25.7,57.9,4.0,0.1,0.1,0.0
2022,Kalimantan Selatan,Kab. Tanah Laut,0.0,0.0,0.0,0.0,0.0,0.0,0.0
2022,Jawa Barat,Kota Sukabumi,68.6,1.8,25.27,34.3,30.69,0.0,19.87
2022,Papua Selatan,Kab. Boven Digoel,7.0,2.0,0.0,1.0,1.0,1.0,3.0
2022,Bengkulu,Kab. Seluma,4.25,0.0,0.0,0.0,0.0,0.0,0.0
2022,Sumatera Barat,Kab. Padang Pariaman,15.0,12.0,30.0,0.0,0.0,0.0,0.0
2022,Bali,Kab. Bangli,90.04,1.3,9.9,0.2,2.27,1.1,6.5
2022,Jawa Tengah,Kab. Purworejo,16.0,0.02,26.8,0.0,1.1,2.2,11.8
2022,Jawa Tengah,Kab. Blora,155.0,39.0,78.0,43.0,39.0,23.0,12.0
2022,Sulawesi Tenggara,Kota Kendari,163.02,8.12,18.78,2.18,2.45,5.23,1.58
2022,Aceh,Kota Banda Aceh,192.94,0.58,9.38,39.57,2.55,0.0,7.19
2022,Kalimantan Tengah,Kab. Murung Raya,30.0,10.0,20.0,15.0,5.0,5.0,15.0
2022,Jawa Timur,Kota Surabaya,0.0,0.0,0.0,0.0,0.0,0.0,0.0
2022,Kalimantan Selatan,Kab. Hulu Sungai Tengah,0.0,0.0,0.0,0.0,0.0,0.0,0.0
2022,Lampung,Kab. Pringsewu,0.0,0.0,0.0,0.0,0.0,0.0,0.0
2022,Jawa Timur,Kab. Jombang,99.5,0.6,29.19,1.2,4.2,1.2,1.81
2022,Jawa Tengah,Kab. Wonogiri,0.0,0.0,0.0,0.0,0.0,0.0,0.0
2022,Riau,Kab. Rokan Hilir,197.25,4.25,93.5,74.25,4.75,15.25,63.5
2022,Aceh,Kota Subulussalam,15.0,0.5,8.0,2.0,2.0,24.0,0.0
2022,Jawa Timur,Kota Pasuruan,84.69,0.73,21.9,1.46,18.25,7.3,11.69
2022,Sumatera Selatan,Kab. Musi Banyuasin,0.0,0.0,0.0,0.0,0.0,0.0,0.0
2022,Sulawesi Tengah,Kab. Sigi,0.0,0.0,0.0,0.0,0.0,0.0,0.0
2022,Sumatera Utara,Kota Medan,795.0,141.0,353.0,177.0,177.0,88.0,36.0
2022,Sumatera Barat,Kab. Pasaman,51.77,4.55,13.0,3.84,8.85,0.0,5.84
2022,Jawa Tengah,Kab. Boyolali,0.0,0.0,0.0,0.0,0.0,0.0,0.0
2022,Kepulauan Bangka Belitung,Kab. Bangka Tengah,41.18,1.65,12.35,3.29,5.77,16.47,1.65
2022,Sumatera Barat,Kota Pariaman,86.95,0.39,6.25,1.41,2.93,2.01,0.06
2022,Jawa Tengah,Kab. Kudus,200.34,18.67,113.2,32.68,38.56,18.53,26.18
2022,Papua Selatan,Kab. Merauke,48.0,9.24,20.85,13.18,0.21,0.0,0.9
2022,Sumatera Barat,Kab. Tanah Datar,96.4,0.28,17.75,1.54,12.27,0.0,0.0
2022,Jawa Timur,Kab. Malang,738.89,30.15,106.03,22.29,20.84,31.7,10.66
2022,Kalimantan Timur,Kota Balikpapan,361.86,14.72,33.15,45.14,23.52,15.49,20.85
2022,Riau,Kota Pekanbaru,0.0,0.0,0.0,0.0,0.0,0.0,0.0
2022,Sulawesi Utara,Kab. Minahasa Utara,57581.0,9627.0,13290.0,9863.0,7678.0,15003.0,5079.0
2022,Sulawesi Barat,Kab. Majene,0.0,0.0,0.0,0.0,0.0,0.0,0.0
2022,Kalimantan Tengah,Kab. Pulang Pisau,38.1,0.1,2.3,6.5,3.9,0.0,0.0
2022,Papua,Kab. Waropen,15.0,10.0,35.0,10.0,20.0,5.0,5.0
2022,Sulawesi Selatan,Kab. Kepulauan Selayar,33.0,5.5,16.0,7.1,4.6,2.0,0.0
2022,Jawa Timur,Kab. Trenggalek,124.14,19.75,44.86,56.17,19.72,18.87,10.44
2022,Nusa Tenggara Barat,Kab. Bima,0.0,0.0,0.0,0.0,0.0,0.0,0.0
2022,Kepulauan Riau,Kab. Bintan,20.5,6.3,11.3,6.1,5.1,3.0,3.5
2022,Aceh,Kab. Gayo Lues,22.0,4.0,11.05,1.0,2.0,0.0,1.0
2022,Jawa Tengah,Kab. Semarang,0.0,0.0,0.0,0.0,0.0,0.0,0.0
2022,Sulawesi Utara,Kab. Bolaang Mongondow Timur,20.0,2.0,5.0,0.0,2.0,0.0,71.0
2022,Jawa Barat,Kab. Kuningan,29999.99,600.0,49862.0,600.0,1180.0,600.0,5.0
2022,Maluku Utara,Kota Tidore Kepulauan,0.0,0.0,0.0,0.0,0.0,0.0,0.0
2022,Kalimantan Selatan,Kab. Barito Kuala,37.5,9.3,19.0,10.5,14.7,4.0,5.0
2022,Banten,Kota Serang,360.65,14.6,28.68,120.65,12.55,12.87,65.0
2022,D.I. Yogyakarta,Kota Yogyakarta,193.25,0.94,27.58,55.56,8.4,0.0,17.4
2022,Lampung,Kab. Lampung Tengah,73.0,1.0,5.0,3.0,3.0,0.5,2.0
2022,Sulawesi Selatan,Kab. Maros,0.0,0.0,0.0,0.0,0.0,0.0,0.0
2022,Kalimantan Selatan,Kota Banjarbaru,0.0,0.0,0.0,0.0,0.0,0.0,0.0
2022,Sulawesi Selatan,Kab. Toraja Utara,0.0,0.0,0.0,0.0,0.0,0.0,0.0
2022,Sumatera Barat,Kota Payakumbuh,77.8,0.75,9.29,6.76,3.33,0.35,0.54
2022,Kalimantan Barat,Kab. Mempawah,82.62,0.0,15.59,0.0,0.0,0.0,0.0
2022,Jambi,Kab. Sarolangun,5.18,2.3,20.1,10.12,11.04,2.5,2.11
