LOCATION,INDICATOR,MEASURE,TIME,Value
AUS,WASTEMUN,KG_CAP,2000,693.685
AUS,WASTEMUN,KG_CAP,2007,618.683
AUS,WASTEMUN,KG_CAP,2008,616.329
AUS,WASTEMUN,KG_CAP,2009,615.132
AUS,WASTEMUN,KG_CAP,2010,615.498
AUS,WASTEMUN,KG_CAP,2011,603.065
AUS,WASTEMUN,KG_CAP,2012,597.02
AUS,WASTEMUN,KG_CAP,2013,592.122
AUS,WASTEMUN,KG_CAP,2014,587.39
AUS,WASTEMUN,KG_CAP,2015,586.338
AUS,WASTEMUN,KG_CAP,2016,538.19
AUS,WASTEMUN,KG_CAP,2017,512.374
AUS,WASTEMUN,KG_CAP,2018,506.01
AUS,WASTEMUN,KG_CAP,2019,495.618
AUT,WASTEMUN,KG_CAP,2000,579.912
AUT,WASTEMUN,KG_CAP,2001,576.204
AUT,WASTEMUN,KG_CAP,2002,608.009
AUT,WASTEMUN,KG_CAP,2003,607.52
AUT,WASTEMUN,KG_CAP,2004,573.723
AUT,WASTEMUN,KG_CAP,2005,575.3
AUT,WASTEMUN,KG_CAP,2006,596.641
AUT,WASTEMUN,KG_CAP,2007,596.852
AUT,WASTEMUN,KG_CAP,2008,600.49
AUT,WASTEMUN,KG_CAP,2009,589.943
AUT,WASTEMUN,KG_CAP,2010,562.249
AUT,WASTEMUN,KG_CAP,2011,573.044
AUT,WASTEMUN,KG_CAP,2012,579.494
AUT,WASTEMUN,KG_CAP,2013,578.609
AUT,WASTEMUN,KG_CAP,2014,565.665
AUT,WASTEMUN,KG_CAP,2015,560.402
AUT,WASTEMUN,KG_CAP,2016,563.857
AUT,WASTEMUN,KG_CAP,2017,570.547
AUT,WASTEMUN,KG_CAP,2018,579.223
AUT,WASTEMUN,KG_CAP,2019,587.994
AUT,WASTEMUN,KG_CAP,2020,834.152
BEL,WASTEMUN,KG_CAP,2000,471.26
BEL,WASTEMUN,KG_CAP,2001,466.822
BEL,WASTEMUN,KG_CAP,2002,482.058
BEL,WASTEMUN,KG_CAP,2003,464.913
BEL,WASTEMUN,KG_CAP,2004,485.456
BEL,WASTEMUN,KG_CAP,2005,482.125
BEL,WASTEMUN,KG_CAP,2006,484.928
BEL,WASTEMUN,KG_CAP,2007,493.426
BEL,WASTEMUN,KG_CAP,2008,480.02
BEL,WASTEMUN,KG_CAP,2009,467.003
BEL,WASTEMUN,KG_CAP,2010,456.332
BEL,WASTEMUN,KG_CAP,2011,456.902
BEL,WASTEMUN,KG_CAP,2012,446.703
BEL,WASTEMUN,KG_CAP,2013,437.482
BEL,WASTEMUN,KG_CAP,2014,425.948
BEL,WASTEMUN,KG_CAP,2015,413.134
BEL,WASTEMUN,KG_CAP,2016,420.186
BEL,WASTEMUN,KG_CAP,2017,411.663
BEL,WASTEMUN,KG_CAP,2018,410.129
BEL,WASTEMUN,KG_CAP,2019,416.942
BEL,WASTEMUN,KG_CAP,2020,730.69
BEL,WASTEMUN,KG_CAP,2021,761.3
CZE,WASTEMUN,KG_CAP,2000,334.291
CZE,WASTEMUN,KG_CAP,2001,273.665
CZE,WASTEMUN,KG_CAP,2002,278.9
CZE,WASTEMUN,KG_CAP,2003,280.053
CZE,WASTEMUN,KG_CAP,2004,278.341
CZE,WASTEMUN,KG_CAP,2005,288.643
CZE,WASTEMUN,KG_CAP,2006,296.007
CZE,WASTEMUN,KG_CAP,2007,293.044
CZE,WASTEMUN,KG_CAP,2008,304.515
CZE,WASTEMUN,KG_CAP,2009,315.494
CZE,WASTEMUN,KG_CAP,2010,317.003
CZE,WASTEMUN,KG_CAP,2011,319.911
CZE,WASTEMUN,KG_CAP,2012,307.633
CZE,WASTEMUN,KG_CAP,2013,307.115
CZE,WASTEMUN,KG_CAP,2014,309.84
CZE,WASTEMUN,KG_CAP,2015,316.515
CZE,WASTEMUN,KG_CAP,2016,338.846
CZE,WASTEMUN,KG_CAP,2017,488.879
CZE,WASTEMUN,KG_CAP,2018,493.863
CZE,WASTEMUN,KG_CAP,2019,500.313
CZE,WASTEMUN,KG_CAP,2020,543.357
CZE,WASTEMUN,KG_CAP,2021,570.525
DNK,WASTEMUN,KG_CAP,2000,664.375
DNK,WASTEMUN,KG_CAP,2001,657.133
DNK,WASTEMUN,KG_CAP,2002,663.906
DNK,WASTEMUN,KG_CAP,2003,671.595
DNK,WASTEMUN,KG_CAP,2004,695.589
DNK,WASTEMUN,KG_CAP,2005,736.709
DNK,WASTEMUN,KG_CAP,2006,739.893
DNK,WASTEMUN,KG_CAP,2007,790.301
DNK,WASTEMUN,KG_CAP,2008,830.749
DNK,WASTEMUN,KG_CAP,2009,762.034
DNK,WASTEMUN,KG_CAP,2010,758.683
DNK,WASTEMUN,KG_CAP,2011,862.785
DNK,WASTEMUN,KG_CAP,2012,806.861
DNK,WASTEMUN,KG_CAP,2013,813.724
DNK,WASTEMUN,KG_CAP,2014,808.196
DNK,WASTEMUN,KG_CAP,2015,822.598
DNK,WASTEMUN,KG_CAP,2016,830.996
DNK,WASTEMUN,KG_CAP,2017,820.735
DNK,WASTEMUN,KG_CAP,2018,814.341
DNK,WASTEMUN,KG_CAP,2019,843.93
DNK,WASTEMUN,KG_CAP,2020,814.374
DNK,WASTEMUN,KG_CAP,2021,786.47
FIN,WASTEMUN,KG_CAP,2000,502.299
FIN,WASTEMUN,KG_CAP,2001,464.919
FIN,WASTEMUN,KG_CAP,2002,458.409
FIN,WASTEMUN,KG_CAP,2003,465.758
FIN,WASTEMUN,KG_CAP,2004,469.189
FIN,WASTEMUN,KG_CAP,2005,477.688
FIN,WASTEMUN,KG_CAP,2006,493.708
FIN,WASTEMUN,KG_CAP,2007,505.794
FIN,WASTEMUN,KG_CAP,2008,520.947
FIN,WASTEMUN,KG_CAP,2009,479.877
FIN,WASTEMUN,KG_CAP,2010,469.67
FIN,WASTEMUN,KG_CAP,2011,504.615
FIN,WASTEMUN,KG_CAP,2012,505.729
FIN,WASTEMUN,KG_CAP,2013,493.108
FIN,WASTEMUN,KG_CAP,2014,481.552
FIN,WASTEMUN,KG_CAP,2015,499.678
FIN,WASTEMUN,KG_CAP,2016,503.704
FIN,WASTEMUN,KG_CAP,2017,510.511
FIN,WASTEMUN,KG_CAP,2018,551.353
FIN,WASTEMUN,KG_CAP,2019,565.596
FIN,WASTEMUN,KG_CAP,2020,609.453
FIN,WASTEMUN,KG_CAP,2021,609.274
FRA,WASTEMUN,KG_CAP,2000,514.321
FRA,WASTEMUN,KG_CAP,2001,526.427
FRA,WASTEMUN,KG_CAP,2002,530.545
FRA,WASTEMUN,KG_CAP,2003,506.145
FRA,WASTEMUN,KG_CAP,2004,519.18
FRA,WASTEMUN,KG_CAP,2005,529.668
FRA,WASTEMUN,KG_CAP,2006,535.734
FRA,WASTEMUN,KG_CAP,2007,542.118
FRA,WASTEMUN,KG_CAP,2008,537.959
FRA,WASTEMUN,KG_CAP,2009,534.078
FRA,WASTEMUN,KG_CAP,2010,534.311
FRA,WASTEMUN,KG_CAP,2011,534.513
FRA,WASTEMUN,KG_CAP,2012,527.254
FRA,WASTEMUN,KG_CAP,2013,519.898
FRA,WASTEMUN,KG_CAP,2014,516.924
FRA,WASTEMUN,KG_CAP,2015,516.354
FRA,WASTEMUN,KG_CAP,2016,553.183
FRA,WASTEMUN,KG_CAP,2017,558.54
FRA,WASTEMUN,KG_CAP,2018,556.871
FRA,WASTEMUN,KG_CAP,2019,555.362
FRA,WASTEMUN,KG_CAP,2020,538.494
FRA,WASTEMUN,KG_CAP,2021,561.327
DEU,WASTEMUN,KG_CAP,2000,642.368
DEU,WASTEMUN,KG_CAP,2001,632.362
DEU,WASTEMUN,KG_CAP,2002,639.75
DEU,WASTEMUN,KG_CAP,2003,601.23
DEU,WASTEMUN,KG_CAP,2004,586.963
DEU,WASTEMUN,KG_CAP,2005,564.512
DEU,WASTEMUN,KG_CAP,2006,563.583
DEU,WASTEMUN,KG_CAP,2007,582.097
DEU,WASTEMUN,KG_CAP,2008,589.051
DEU,WASTEMUN,KG_CAP,2009,591.754
DEU,WASTEMUN,KG_CAP,2010,602.089
DEU,WASTEMUN,KG_CAP,2011,625.811
DEU,WASTEMUN,KG_CAP,2012,618.694
DEU,WASTEMUN,KG_CAP,2013,614.665
DEU,WASTEMUN,KG_CAP,2014,631.025
DEU,WASTEMUN,KG_CAP,2015,631.989
DEU,WASTEMUN,KG_CAP,2016,633.076
DEU,WASTEMUN,KG_CAP,2017,626.565
DEU,WASTEMUN,KG_CAP,2018,606.23
DEU,WASTEMUN,KG_CAP,2019,609.101
DEU,WASTEMUN,KG_CAP,2020,641.191
DEU,WASTEMUN,KG_CAP,2021,646.559
GRC,WASTEMUN,KG_CAP,2000,411.538
GRC,WASTEMUN,KG_CAP,2001,419.715
GRC,WASTEMUN,KG_CAP,2002,425.609
GRC,WASTEMUN,KG_CAP,2003,431.0
GRC,WASTEMUN,KG_CAP,2004,436.507
GRC,WASTEMUN,KG_CAP,2005,441.691
GRC,WASTEMUN,KG_CAP,2006,447.081
GRC,WASTEMUN,KG_CAP,2007,452.733
GRC,WASTEMUN,KG_CAP,2008,458.302
GRC,WASTEMUN,KG_CAP,2009,464.031
GRC,WASTEMUN,KG_CAP,2010,532.04
GRC,WASTEMUN,KG_CAP,2011,503.021
GRC,WASTEMUN,KG_CAP,2012,494.613
GRC,WASTEMUN,KG_CAP,2013,481.888
GRC,WASTEMUN,KG_CAP,2014,487.954
GRC,WASTEMUN,KG_CAP,2015,487.668
GRC,WASTEMUN,KG_CAP,2016,498.053
GRC,WASTEMUN,KG_CAP,2017,503.502
GRC,WASTEMUN,KG_CAP,2018,514.587
GRC,WASTEMUN,KG_CAP,2019,523.523
HUN,WASTEMUN,KG_CAP,2000,445.795
HUN,WASTEMUN,KG_CAP,2001,451.825
HUN,WASTEMUN,KG_CAP,2002,457.346
HUN,WASTEMUN,KG_CAP,2003,463.989
HUN,WASTEMUN,KG_CAP,2004,454.332
HUN,WASTEMUN,KG_CAP,2005,460.59
HUN,WASTEMUN,KG_CAP,2006,467.761
HUN,WASTEMUN,KG_CAP,2007,456.852
HUN,WASTEMUN,KG_CAP,2008,453.568
HUN,WASTEMUN,KG_CAP,2009,430.226
HUN,WASTEMUN,KG_CAP,2010,403.299
HUN,WASTEMUN,KG_CAP,2011,382.475
HUN,WASTEMUN,KG_CAP,2012,402.001
HUN,WASTEMUN,KG_CAP,2013,377.84
HUN,WASTEMUN,KG_CAP,2014,384.636
HUN,WASTEMUN,KG_CAP,2015,377.12
HUN,WASTEMUN,KG_CAP,2016,379.151
HUN,WASTEMUN,KG_CAP,2017,384.962
HUN,WASTEMUN,KG_CAP,2018,381.461
HUN,WASTEMUN,KG_CAP,2019,386.854
HUN,WASTEMUN,KG_CAP,2020,403.173
HUN,WASTEMUN,KG_CAP,2021,416.267
ISL,WASTEMUN,KG_CAP,2000,462.304
ISL,WASTEMUN,KG_CAP,2001,466.716
ISL,WASTEMUN,KG_CAP,2002,476.495
ISL,WASTEMUN,KG_CAP,2003,483.556
ISL,WASTEMUN,KG_CAP,2004,503.292
ISL,WASTEMUN,KG_CAP,2005,515.613
ISL,WASTEMUN,KG_CAP,2006,562.9
ISL,WASTEMUN,KG_CAP,2007,558.467
ISL,WASTEMUN,KG_CAP,2008,655.316
ISL,WASTEMUN,KG_CAP,2009,414.441
ISL,WASTEMUN,KG_CAP,2010,484.21
ISL,WASTEMUN,KG_CAP,2011,495.281
ISL,WASTEMUN,KG_CAP,2012,511.345
ISL,WASTEMUN,KG_CAP,2013,515.809
ISL,WASTEMUN,KG_CAP,2014,534.549
ISL,WASTEMUN,KG_CAP,2015,589.448
ISL,WASTEMUN,KG_CAP,2016,655.865
ISL,WASTEMUN,KG_CAP,2017,655.215
ISL,WASTEMUN,KG_CAP,2018,700.268
ISL,WASTEMUN,KG_CAP,2020,613.979
IRL,WASTEMUN,KG_CAP,2000,601.393
IRL,WASTEMUN,KG_CAP,2001,702.849
IRL,WASTEMUN,KG_CAP,2002,694.373
IRL,WASTEMUN,KG_CAP,2003,733.193
IRL,WASTEMUN,KG_CAP,2004,741.869
IRL,WASTEMUN,KG_CAP,2005,735.636
IRL,WASTEMUN,KG_CAP,2006,799.683
IRL,WASTEMUN,KG_CAP,2007,776.536
IRL,WASTEMUN,KG_CAP,2008,718.829
IRL,WASTEMUN,KG_CAP,2009,651.388
IRL,WASTEMUN,KG_CAP,2010,624.84
IRL,WASTEMUN,KG_CAP,2011,617.064
IRL,WASTEMUN,KG_CAP,2012,586.238
IRL,WASTEMUN,KG_CAP,2013,583.466
IRL,WASTEMUN,KG_CAP,2014,563.779
IRL,WASTEMUN,KG_CAP,2015,558.69
IRL,WASTEMUN,KG_CAP,2016,582.961
IRL,WASTEMUN,KG_CAP,2017,577.57
IRL,WASTEMUN,KG_CAP,2018,599.545
IRL,WASTEMUN,KG_CAP,2019,627.045
IRL,WASTEMUN,KG_CAP,2020,644.91
ITA,WASTEMUN,KG_CAP,2000,508.569
ITA,WASTEMUN,KG_CAP,2001,516.156
ITA,WASTEMUN,KG_CAP,2002,523.106
ITA,WASTEMUN,KG_CAP,2003,523.265
ITA,WASTEMUN,KG_CAP,2004,538.665
ITA,WASTEMUN,KG_CAP,2005,544.435
ITA,WASTEMUN,KG_CAP,2006,556.782
ITA,WASTEMUN,KG_CAP,2007,553.745
ITA,WASTEMUN,KG_CAP,2008,548.224
ITA,WASTEMUN,KG_CAP,2009,539.111
ITA,WASTEMUN,KG_CAP,2010,542.299
ITA,WASTEMUN,KG_CAP,2011,522.866
ITA,WASTEMUN,KG_CAP,2012,498.312
ITA,WASTEMUN,KG_CAP,2013,490.337
ITA,WASTEMUN,KG_CAP,2014,491.573
ITA,WASTEMUN,KG_CAP,2015,490.191
ITA,WASTEMUN,KG_CAP,2016,500.905
ITA,WASTEMUN,KG_CAP,2017,492.848
ITA,WASTEMUN,KG_CAP,2018,503.781
ITA,WASTEMUN,KG_CAP,2019,502.653
ITA,WASTEMUN,KG_CAP,2020,486.971
JPN,WASTEMUN,KG_CAP,2000,432.008
JPN,WASTEMUN,KG_CAP,2001,429.575
JPN,WASTEMUN,KG_CAP,2002,425.307
JPN,WASTEMUN,KG_CAP,2003,425.258
JPN,WASTEMUN,KG_CAP,2004,418.022
JPN,WASTEMUN,KG_CAP,2005,412.623
JPN,WASTEMUN,KG_CAP,2006,406.754
JPN,WASTEMUN,KG_CAP,2007,396.899
JPN,WASTEMUN,KG_CAP,2008,375.582
JPN,WASTEMUN,KG_CAP,2009,361.255
JPN,WASTEMUN,KG_CAP,2010,354.209
JPN,WASTEMUN,KG_CAP,2011,355.382
JPN,WASTEMUN,KG_CAP,2012,354.519
JPN,WASTEMUN,KG_CAP,2013,352.191
JPN,WASTEMUN,KG_CAP,2014,348.302
JPN,WASTEMUN,KG_CAP,2015,346.049
JPN,WASTEMUN,KG_CAP,2016,340.101
JPN,WASTEMUN,KG_CAP,2017,338.531
JPN,WASTEMUN,KG_CAP,2018,337.915
JPN,WASTEMUN,KG_CAP,2019,338.734
JPN,WASTEMUN,KG_CAP,2020,330.323
KOR,WASTEMUN,KG_CAP,2000,360.574
KOR,WASTEMUN,KG_CAP,2001,373.697
KOR,WASTEMUN,KG_CAP,2002,382.292
KOR,WASTEMUN,KG_CAP,2003,386.678
KOR,WASTEMUN,KG_CAP,2004,379.597
KOR,WASTEMUN,KG_CAP,2005,366.611
KOR,WASTEMUN,KG_CAP,2006,368.056
KOR,WASTEMUN,KG_CAP,2007,377.457
KOR,WASTEMUN,KG_CAP,2008,387.445
KOR,WASTEMUN,KG_CAP,2009,376.837
KOR,WASTEMUN,KG_CAP,2010,362.089
KOR,WASTEMUN,KG_CAP,2011,357.673
KOR,WASTEMUN,KG_CAP,2012,356.196
KOR,WASTEMUN,KG_CAP,2013,352.695
KOR,WASTEMUN,KG_CAP,2014,359.019
KOR,WASTEMUN,KG_CAP,2015,366.657
KOR,WASTEMUN,KG_CAP,2016,383.207
KOR,WASTEMUN,KG_CAP,2017,380.12
KOR,WASTEMUN,KG_CAP,2018,396.489
KOR,WASTEMUN,KG_CAP,2019,408.693
KOR,WASTEMUN,KG_CAP,2020,434.92
LUX,WASTEMUN,KG_CAP,2000,653.216
LUX,WASTEMUN,KG_CAP,2001,645.494
LUX,WASTEMUN,KG_CAP,2002,652.224
LUX,WASTEMUN,KG_CAP,2003,677.552
LUX,WASTEMUN,KG_CAP,2004,678.894
LUX,WASTEMUN,KG_CAP,2005,672.898
LUX,WASTEMUN,KG_CAP,2006,683.394
LUX,WASTEMUN,KG_CAP,2007,693.762
LUX,WASTEMUN,KG_CAP,2008,697.845
LUX,WASTEMUN,KG_CAP,2009,679.011
LUX,WASTEMUN,KG_CAP,2010,678.564
LUX,WASTEMUN,KG_CAP,2011,665.572
LUX,WASTEMUN,KG_CAP,2012,651.66
LUX,WASTEMUN,KG_CAP,2013,616.536
LUX,WASTEMUN,KG_CAP,2014,625.537
LUX,WASTEMUN,KG_CAP,2015,607.439
LUX,WASTEMUN,KG_CAP,2016,812.396
LUX,WASTEMUN,KG_CAP,2017,798.206
LUX,WASTEMUN,KG_CAP,2018,802.698
LUX,WASTEMUN,KG_CAP,2019,791.932
LUX,WASTEMUN,KG_CAP,2020,789.958
LUX,WASTEMUN,KG_CAP,2021,793.671
MEX,WASTEMUN,KG_CAP,2000,311.109
MEX,WASTEMUN,KG_CAP,2001,314.555
MEX,WASTEMUN,KG_CAP,2002,317.0
MEX,WASTEMUN,KG_CAP,2003,319.91
MEX,WASTEMUN,KG_CAP,2004,331.861
MEX,WASTEMUN,KG_CAP,2005,335.054
MEX,WASTEMUN,KG_CAP,2006,337.221
MEX,WASTEMUN,KG_CAP,2007,339.005
MEX,WASTEMUN,KG_CAP,2008,340.518
MEX,WASTEMUN,KG_CAP,2009,341.896
MEX,WASTEMUN,KG_CAP,2010,352.169
MEX,WASTEMUN,KG_CAP,2011,355.928
MEX,WASTEMUN,KG_CAP,2012,360.051
NLD,WASTEMUN,KG_CAP,2000,598.348
NLD,WASTEMUN,KG_CAP,2001,595.157
NLD,WASTEMUN,KG_CAP,2002,599.669
NLD,WASTEMUN,KG_CAP,2003,585.752
NLD,WASTEMUN,KG_CAP,2004,598.583
NLD,WASTEMUN,KG_CAP,2005,598.595
NLD,WASTEMUN,KG_CAP,2006,597.146
NLD,WASTEMUN,KG_CAP,2007,605.676
NLD,WASTEMUN,KG_CAP,2008,600.039
NLD,WASTEMUN,KG_CAP,2009,589.097
NLD,WASTEMUN,KG_CAP,2010,570.796
NLD,WASTEMUN,KG_CAP,2011,567.84
NLD,WASTEMUN,KG_CAP,2012,549.27
NLD,WASTEMUN,KG_CAP,2013,526.052
NLD,WASTEMUN,KG_CAP,2014,527.364
NLD,WASTEMUN,KG_CAP,2015,523.379
NLD,WASTEMUN,KG_CAP,2016,520.308
NLD,WASTEMUN,KG_CAP,2017,513.213
NLD,WASTEMUN,KG_CAP,2018,511.037
NLD,WASTEMUN,KG_CAP,2019,507.7
NLD,WASTEMUN,KG_CAP,2020,533.44
NLD,WASTEMUN,KG_CAP,2021,515.245
NZL,WASTEMUN,KG_CAP,2002,765.354
NZL,WASTEMUN,KG_CAP,2003,763.558
NZL,WASTEMUN,KG_CAP,2004,779.45
NZL,WASTEMUN,KG_CAP,2006,754.194
NZL,WASTEMUN,KG_CAP,2010,581.975
NZL,WASTEMUN,KG_CAP,2011,572.993
NZL,WASTEMUN,KG_CAP,2012,570.314
NZL,WASTEMUN,KG_CAP,2013,604.219
NZL,WASTEMUN,KG_CAP,2014,648.954
NZL,WASTEMUN,KG_CAP,2015,698.789
NZL,WASTEMUN,KG_CAP,2016,722.301
NZL,WASTEMUN,KG_CAP,2017,723.159
NZL,WASTEMUN,KG_CAP,2018,756.03
NOR,WASTEMUN,KG_CAP,2000,613.453
NOR,WASTEMUN,KG_CAP,2001,360.898
NOR,WASTEMUN,KG_CAP,2002,392.23
NOR,WASTEMUN,KG_CAP,2003,402.203
NOR,WASTEMUN,KG_CAP,2004,414.425
NOR,WASTEMUN,KG_CAP,2005,425.671
NOR,WASTEMUN,KG_CAP,2006,459.161
NOR,WASTEMUN,KG_CAP,2007,490.959
NOR,WASTEMUN,KG_CAP,2008,487.394
NOR,WASTEMUN,KG_CAP,2009,469.897
NOR,WASTEMUN,KG_CAP,2010,469.397
NOR,WASTEMUN,KG_CAP,2011,485.152
NOR,WASTEMUN,KG_CAP,2012,476.629
NOR,WASTEMUN,KG_CAP,2013,495.653
NOR,WASTEMUN,KG_CAP,2014,423.364
NOR,WASTEMUN,KG_CAP,2015,421.396
NOR,WASTEMUN,KG_CAP,2016,753.607
NOR,WASTEMUN,KG_CAP,2017,748.347
NOR,WASTEMUN,KG_CAP,2018,739.281
NOR,WASTEMUN,KG_CAP,2019,776.194
NOR,WASTEMUN,KG_CAP,2020,603.591
NOR,WASTEMUN,KG_CAP,2021,798.769
POL,WASTEMUN,KG_CAP,2000,319.563
POL,WASTEMUN,KG_CAP,2001,290.446
POL,WASTEMUN,KG_CAP,2002,274.872
POL,WASTEMUN,KG_CAP,2003,259.85
POL,WASTEMUN,KG_CAP,2004,255.603
POL,WASTEMUN,KG_CAP,2005,318.883
POL,WASTEMUN,KG_CAP,2006,320.857
POL,WASTEMUN,KG_CAP,2007,321.755
POL,WASTEMUN,KG_CAP,2008,319.919
POL,WASTEMUN,KG_CAP,2009,315.909
POL,WASTEMUN,KG_CAP,2010,312.384
POL,WASTEMUN,KG_CAP,2011,314.829
POL,WASTEMUN,KG_CAP,2012,313.595
POL,WASTEMUN,KG_CAP,2013,293.358
POL,WASTEMUN,KG_CAP,2014,268.424
POL,WASTEMUN,KG_CAP,2015,282.489
POL,WASTEMUN,KG_CAP,2016,303.278
POL,WASTEMUN,KG_CAP,2017,311.511
POL,WASTEMUN,KG_CAP,2018,325.019
POL,WASTEMUN,KG_CAP,2019,332.226
POL,WASTEMUN,KG_CAP,2020,341.997
POL,WASTEMUN,KG_CAP,2021,358.313
PRT,WASTEMUN,KG_CAP,2000,457.245
PRT,WASTEMUN,KG_CAP,2001,454.417
PRT,WASTEMUN,KG_CAP,2002,440.995
PRT,WASTEMUN,KG_CAP,2003,448.712
PRT,WASTEMUN,KG_CAP,2004,444.97
PRT,WASTEMUN,KG_CAP,2005,451.762
PRT,WASTEMUN,KG_CAP,2006,465.488
PRT,WASTEMUN,KG_CAP,2007,471.12
PRT,WASTEMUN,KG_CAP,2008,518.271
PRT,WASTEMUN,KG_CAP,2009,520.049
PRT,WASTEMUN,KG_CAP,2010,516.121
PRT,WASTEMUN,KG_CAP,2011,490.454
PRT,WASTEMUN,KG_CAP,2012,453.264
PRT,WASTEMUN,KG_CAP,2013,439.693
PRT,WASTEMUN,KG_CAP,2014,452.838
PRT,WASTEMUN,KG_CAP,2015,460.414
PRT,WASTEMUN,KG_CAP,2016,473.684
PRT,WASTEMUN,KG_CAP,2017,486.102
PRT,WASTEMUN,KG_CAP,2018,506.913
PRT,WASTEMUN,KG_CAP,2019,513.403
PRT,WASTEMUN,KG_CAP,2020,512.67
PRT,WASTEMUN,KG_CAP,2021,515.737
SVK,WASTEMUN,KG_CAP,2000,253.487
SVK,WASTEMUN,KG_CAP,2001,239.043
SVK,WASTEMUN,KG_CAP,2002,269.391
SVK,WASTEMUN,KG_CAP,2003,280.91
SVK,WASTEMUN,KG_CAP,2004,260.099
SVK,WASTEMUN,KG_CAP,2005,272.494
SVK,WASTEMUN,KG_CAP,2006,282.684
SVK,WASTEMUN,KG_CAP,2007,292.528
SVK,WASTEMUN,KG_CAP,2008,311.82
SVK,WASTEMUN,KG_CAP,2009,305.258
SVK,WASTEMUN,KG_CAP,2010,316.515
SVK,WASTEMUN,KG_CAP,2011,311.019
SVK,WASTEMUN,KG_CAP,2012,306.422
SVK,WASTEMUN,KG_CAP,2013,303.876
SVK,WASTEMUN,KG_CAP,2014,319.821
SVK,WASTEMUN,KG_CAP,2015,328.921
SVK,WASTEMUN,KG_CAP,2016,348.015
SVK,WASTEMUN,KG_CAP,2017,378.362
SVK,WASTEMUN,KG_CAP,2018,413.823
SVK,WASTEMUN,KG_CAP,2019,421.514
SVK,WASTEMUN,KG_CAP,2020,478.491
SVK,WASTEMUN,KG_CAP,2021,496.509
ESP,WASTEMUN,KG_CAP,2000,653.567
ESP,WASTEMUN,KG_CAP,2001,652.896
ESP,WASTEMUN,KG_CAP,2002,637.416
ESP,WASTEMUN,KG_CAP,2003,646.266
ESP,WASTEMUN,KG_CAP,2004,600.712
ESP,WASTEMUN,KG_CAP,2005,588.215
ESP,WASTEMUN,KG_CAP,2006,590.818
ESP,WASTEMUN,KG_CAP,2007,578.168
ESP,WASTEMUN,KG_CAP,2008,550.571
ESP,WASTEMUN,KG_CAP,2009,541.499
ESP,WASTEMUN,KG_CAP,2010,510.583
ESP,WASTEMUN,KG_CAP,2011,485.105
ESP,WASTEMUN,KG_CAP,2012,468.199
ESP,WASTEMUN,KG_CAP,2013,454.658
ESP,WASTEMUN,KG_CAP,2014,448.519
ESP,WASTEMUN,KG_CAP,2015,455.892
ESP,WASTEMUN,KG_CAP,2016,463.769
ESP,WASTEMUN,KG_CAP,2017,473.171
ESP,WASTEMUN,KG_CAP,2018,475.702
ESP,WASTEMUN,KG_CAP,2019,472.6
ESP,WASTEMUN,KG_CAP,2020,464.337
ESP,WASTEMUN,KG_CAP,2021,472.757
SWE,WASTEMUN,KG_CAP,2000,425.265
SWE,WASTEMUN,KG_CAP,2001,439.188
SWE,WASTEMUN,KG_CAP,2002,464.876
SWE,WASTEMUN,KG_CAP,2003,464.266
SWE,WASTEMUN,KG_CAP,2004,460.664
SWE,WASTEMUN,KG_CAP,2005,478.539
SWE,WASTEMUN,KG_CAP,2006,491.272
SWE,WASTEMUN,KG_CAP,2007,487.533
SWE,WASTEMUN,KG_CAP,2008,485.485
SWE,WASTEMUN,KG_CAP,2009,472.119
SWE,WASTEMUN,KG_CAP,2010,441.453
SWE,WASTEMUN,KG_CAP,2011,452.736
SWE,WASTEMUN,KG_CAP,2012,454.231
SWE,WASTEMUN,KG_CAP,2013,455.295
SWE,WASTEMUN,KG_CAP,2014,442.961
SWE,WASTEMUN,KG_CAP,2015,451.262
SWE,WASTEMUN,KG_CAP,2016,447.341
SWE,WASTEMUN,KG_CAP,2017,452.489
SWE,WASTEMUN,KG_CAP,2018,433.996
SWE,WASTEMUN,KG_CAP,2019,448.589
SWE,WASTEMUN,KG_CAP,2020,430.775
SWE,WASTEMUN,KG_CAP,2021,417.826
CHE,WASTEMUN,KG_CAP,2000,658.524
CHE,WASTEMUN,KG_CAP,2001,663.378
CHE,WASTEMUN,KG_CAP,2002,677.58
CHE,WASTEMUN,KG_CAP,2003,669.846
CHE,WASTEMUN,KG_CAP,2004,663.092
CHE,WASTEMUN,KG_CAP,2005,664.236
CHE,WASTEMUN,KG_CAP,2006,712.192
CHE,WASTEMUN,KG_CAP,2007,723.734
CHE,WASTEMUN,KG_CAP,2008,739.179
CHE,WASTEMUN,KG_CAP,2009,705.206
CHE,WASTEMUN,KG_CAP,2010,711.19
CHE,WASTEMUN,KG_CAP,2011,692.331
CHE,WASTEMUN,KG_CAP,2012,697.274
CHE,WASTEMUN,KG_CAP,2013,705.619
CHE,WASTEMUN,KG_CAP,2014,733.455
CHE,WASTEMUN,KG_CAP,2015,728.05
CHE,WASTEMUN,KG_CAP,2016,722.532
CHE,WASTEMUN,KG_CAP,2017,708.959
CHE,WASTEMUN,KG_CAP,2018,706.104
CHE,WASTEMUN,KG_CAP,2019,708.898
CHE,WASTEMUN,KG_CAP,2020,705.705
CHE,WASTEMUN,KG_CAP,2021,704.443
TUR,WASTEMUN,KG_CAP,2000,476.39
TUR,WASTEMUN,KG_CAP,2001,476.182
TUR,WASTEMUN,KG_CAP,2002,469.664
TUR,WASTEMUN,KG_CAP,2003,465.322
TUR,WASTEMUN,KG_CAP,2004,439.89
TUR,WASTEMUN,KG_CAP,2005,458.126
TUR,WASTEMUN,KG_CAP,2006,434.114
TUR,WASTEMUN,KG_CAP,2007,432.822
TUR,WASTEMUN,KG_CAP,2008,400.469
TUR,WASTEMUN,KG_CAP,2009,419.161
TUR,WASTEMUN,KG_CAP,2010,406.51
TUR,WASTEMUN,KG_CAP,2011,415.798
TUR,WASTEMUN,KG_CAP,2012,409.52
TUR,WASTEMUN,KG_CAP,2013,406.053
TUR,WASTEMUN,KG_CAP,2014,404.629
TUR,WASTEMUN,KG_CAP,2015,399.944
TUR,WASTEMUN,KG_CAP,2016,425.881
TUR,WASTEMUN,KG_CAP,2017,425.499
TUR,WASTEMUN,KG_CAP,2018,424.201
TUR,WASTEMUN,KG_CAP,2019,424.04
TUR,WASTEMUN,KG_CAP,2020,414.716
GBR,WASTEMUN,KG_CAP,2000,576.605
GBR,WASTEMUN,KG_CAP,2001,591.156
GBR,WASTEMUN,KG_CAP,2002,598.528
GBR,WASTEMUN,KG_CAP,2003,591.566
GBR,WASTEMUN,KG_CAP,2004,602.515
GBR,WASTEMUN,KG_CAP,2005,581.346
GBR,WASTEMUN,KG_CAP,2006,583.277
GBR,WASTEMUN,KG_CAP,2007,567.197
GBR,WASTEMUN,KG_CAP,2008,540.633
GBR,WASTEMUN,KG_CAP,2009,522.12
GBR,WASTEMUN,KG_CAP,2010,509.159
GBR,WASTEMUN,KG_CAP,2011,490.89
GBR,WASTEMUN,KG_CAP,2012,477.403
GBR,WASTEMUN,KG_CAP,2013,481.861
GBR,WASTEMUN,KG_CAP,2014,481.928
GBR,WASTEMUN,KG_CAP,2015,483.412
GBR,WASTEMUN,KG_CAP,2016,483.03
GBR,WASTEMUN,KG_CAP,2017,468.078
GBR,WASTEMUN,KG_CAP,2018,463.397
GBR,WASTEMUN,KG_CAP,2019,459.274
GBR,WASTEMUN,KG_CAP,2020,462.156
GBR,WASTEMUN,KG_CAP,2021,463.796
USA,WASTEMUN,KG_CAP,2000,782.719
USA,WASTEMUN,KG_CAP,2001,766.575
USA,WASTEMUN,KG_CAP,2002,773.785
USA,WASTEMUN,KG_CAP,2003,770.568
USA,WASTEMUN,KG_CAP,2004,787.329
USA,WASTEMUN,KG_CAP,2005,778.907
USA,WASTEMUN,KG_CAP,2006,781.678
USA,WASTEMUN,KG_CAP,2007,772.473
USA,WASTEMUN,KG_CAP,2008,753.714
USA,WASTEMUN,KG_CAP,2009,724.278
USA,WASTEMUN,KG_CAP,2010,736.272
USA,WASTEMUN,KG_CAP,2011,733.617
USA,WASTEMUN,KG_CAP,2012,729.181
USA,WASTEMUN,KG_CAP,2013,732.126
USA,WASTEMUN,KG_CAP,2014,736.264
USA,WASTEMUN,KG_CAP,2015,741.357
USA,WASTEMUN,KG_CAP,2016,752.851
USA,WASTEMUN,KG_CAP,2017,749.639
USA,WASTEMUN,KG_CAP,2018,811.486
CHL,WASTEMUN,KG_CAP,2000,294.61
CHL,WASTEMUN,KG_CAP,2001,290.895
CHL,WASTEMUN,KG_CAP,2002,296.15
CHL,WASTEMUN,KG_CAP,2003,302.851
CHL,WASTEMUN,KG_CAP,2004,309.828
CHL,WASTEMUN,KG_CAP,2005,315.983
CHL,WASTEMUN,KG_CAP,2006,324.868
CHL,WASTEMUN,KG_CAP,2007,332.542
CHL,WASTEMUN,KG_CAP,2008,335.854
CHL,WASTEMUN,KG_CAP,2009,342.366
CHL,WASTEMUN,KG_CAP,2010,347.851
CHL,WASTEMUN,KG_CAP,2011,355.995
CHL,WASTEMUN,KG_CAP,2014,382.947
CHL,WASTEMUN,KG_CAP,2015,400.489
CHL,WASTEMUN,KG_CAP,2016,397.897
CHL,WASTEMUN,KG_CAP,2017,440.953
CHL,WASTEMUN,KG_CAP,2018,436.098
EST,WASTEMUN,KG_CAP,2000,453.119
EST,WASTEMUN,KG_CAP,2001,366.684
EST,WASTEMUN,KG_CAP,2002,400.914
EST,WASTEMUN,KG_CAP,2003,413.651
EST,WASTEMUN,KG_CAP,2004,444.754
EST,WASTEMUN,KG_CAP,2005,433.282
EST,WASTEMUN,KG_CAP,2006,397.977
EST,WASTEMUN,KG_CAP,2007,449.026
EST,WASTEMUN,KG_CAP,2008,391.896
EST,WASTEMUN,KG_CAP,2009,338.7
EST,WASTEMUN,KG_CAP,2010,304.925
EST,WASTEMUN,KG_CAP,2011,300.579
EST,WASTEMUN,KG_CAP,2012,280.488
EST,WASTEMUN,KG_CAP,2013,292.869
EST,WASTEMUN,KG_CAP,2014,357.538
EST,WASTEMUN,KG_CAP,2015,359.803
EST,WASTEMUN,KG_CAP,2016,375.44
EST,WASTEMUN,KG_CAP,2017,390.167
EST,WASTEMUN,KG_CAP,2018,404.697
EST,WASTEMUN,KG_CAP,2019,369.294
EST,WASTEMUN,KG_CAP,2020,382.857
EST,WASTEMUN,KG_CAP,2021,394.46
ISR,WASTEMUN,KG_CAP,2000,630.856
ISR,WASTEMUN,KG_CAP,2001,557.615
ISR,WASTEMUN,KG_CAP,2002,586.813
ISR,WASTEMUN,KG_CAP,2003,575.054
ISR,WASTEMUN,KG_CAP,2004,584.227
ISR,WASTEMUN,KG_CAP,2005,589.6
ISR,WASTEMUN,KG_CAP,2006,599.259
ISR,WASTEMUN,KG_CAP,2007,599.433
ISR,WASTEMUN,KG_CAP,2008,606.666
ISR,WASTEMUN,KG_CAP,2009,607.943
ISR,WASTEMUN,KG_CAP,2010,606.433
ISR,WASTEMUN,KG_CAP,2011,611.113
ISR,WASTEMUN,KG_CAP,2012,611.514
ISR,WASTEMUN,KG_CAP,2013,603.252
ISR,WASTEMUN,KG_CAP,2014,603.148
ISR,WASTEMUN,KG_CAP,2015,606.392
ISR,WASTEMUN,KG_CAP,2016,615.657
ISR,WASTEMUN,KG_CAP,2017,623.722
ISR,WASTEMUN,KG_CAP,2018,636.987
ISR,WASTEMUN,KG_CAP,2019,636.1
ISR,WASTEMUN,KG_CAP,2020,648.503
ISR,WASTEMUN,KG_CAP,2021,656.904
SVN,WASTEMUN,KG_CAP,2000,512.493
SVN,WASTEMUN,KG_CAP,2001,478.405
SVN,WASTEMUN,KG_CAP,2002,406.871
SVN,WASTEMUN,KG_CAP,2003,417.674
SVN,WASTEMUN,KG_CAP,2004,485.227
SVN,WASTEMUN,KG_CAP,2005,494.225
SVN,WASTEMUN,KG_CAP,2006,515.804
SVN,WASTEMUN,KG_CAP,2007,524.907
SVN,WASTEMUN,KG_CAP,2008,541.375
SVN,WASTEMUN,KG_CAP,2009,523.42
SVN,WASTEMUN,KG_CAP,2010,489.933
SVN,WASTEMUN,KG_CAP,2011,415.104
SVN,WASTEMUN,KG_CAP,2012,361.822
SVN,WASTEMUN,KG_CAP,2013,414.256
SVN,WASTEMUN,KG_CAP,2014,432.669
SVN,WASTEMUN,KG_CAP,2015,448.844
SVN,WASTEMUN,KG_CAP,2016,456.827
SVN,WASTEMUN,KG_CAP,2017,471.406
SVN,WASTEMUN,KG_CAP,2018,487.428
SVN,WASTEMUN,KG_CAP,2019,503.516
SVN,WASTEMUN,KG_CAP,2020,487.59
SVN,WASTEMUN,KG_CAP,2021,511.152
OECD,WASTEMUN,KG_CAP,2000,542.908
OECD,WASTEMUN,KG_CAP,2001,537.878
OECD,WASTEMUN,KG_CAP,2002,540.896
OECD,WASTEMUN,KG_CAP,2003,536.033
OECD,WASTEMUN,KG_CAP,2004,539.017
OECD,WASTEMUN,KG_CAP,2005,539.046
OECD,WASTEMUN,KG_CAP,2006,540.47
OECD,WASTEMUN,KG_CAP,2007,539.685
OECD,WASTEMUN,KG_CAP,2008,529.775
OECD,WASTEMUN,KG_CAP,2009,520.1
OECD,WASTEMUN,KG_CAP,2010,518.353
OECD,WASTEMUN,KG_CAP,2011,517.697
OECD,WASTEMUN,KG_CAP,2012,511.573
OECD,WASTEMUN,KG_CAP,2013,509.07
OECD,WASTEMUN,KG_CAP,2014,509.536
OECD,WASTEMUN,KG_CAP,2015,512.204
OECD,WASTEMUN,KG_CAP,2016,520.118
OECD,WASTEMUN,KG_CAP,2017,519.323
OECD,WASTEMUN,KG_CAP,2018,535.456
OECD,WASTEMUN,KG_CAP,2019,535.879
OECD,WASTEMUN,KG_CAP,2020,533.71
OECDE,WASTEMUN,KG_CAP,2000,525.602
OECDE,WASTEMUN,KG_CAP,2001,522.806
OECDE,WASTEMUN,KG_CAP,2002,525.395
OECDE,WASTEMUN,KG_CAP,2003,515.169
OECDE,WASTEMUN,KG_CAP,2004,510.936
OECDE,WASTEMUN,KG_CAP,2005,514.52
OECDE,WASTEMUN,KG_CAP,2006,517.209
OECDE,WASTEMUN,KG_CAP,2007,519.37
OECDE,WASTEMUN,KG_CAP,2008,510.92
OECDE,WASTEMUN,KG_CAP,2009,505.204
OECDE,WASTEMUN,KG_CAP,2010,499.781
OECDE,WASTEMUN,KG_CAP,2011,498.019
OECDE,WASTEMUN,KG_CAP,2012,487.073
OECDE,WASTEMUN,KG_CAP,2013,480.958
OECDE,WASTEMUN,KG_CAP,2014,480.574
OECDE,WASTEMUN,KG_CAP,2015,482.105
OECDE,WASTEMUN,KG_CAP,2016,495.407
OECDE,WASTEMUN,KG_CAP,2017,496.902
OECDE,WASTEMUN,KG_CAP,2018,496.582
OECDE,WASTEMUN,KG_CAP,2019,501.084
OECDE,WASTEMUN,KG_CAP,2020,501.396
BRA,WASTEMUN,KG_CAP,2000,331.268
BRA,WASTEMUN,KG_CAP,2001,315.972
BRA,WASTEMUN,KG_CAP,2002,316.662
BRA,WASTEMUN,KG_CAP,2003,318.674
BRA,WASTEMUN,KG_CAP,2004,323.813
BRA,WASTEMUN,KG_CAP,2005,325.108
BRA,WASTEMUN,KG_CAP,2007,272.072
BRA,WASTEMUN,KG_CAP,2009,274.639
BRA,WASTEMUN,KG_CAP,2010,271.947
BRA,WASTEMUN,KG_CAP,2011,269.578
BRA,WASTEMUN,KG_CAP,2012,291.96
CHN,WASTEMUN,KG_CAP,2000,91.581
CHN,WASTEMUN,KG_CAP,2001,103.685
CHN,WASTEMUN,KG_CAP,2002,104.41
CHN,WASTEMUN,KG_CAP,2003,112.955
CHN,WASTEMUN,KG_CAP,2004,117.219
CHN,WASTEMUN,KG_CAP,2005,117.052
CHN,WASTEMUN,KG_CAP,2006,110.885
CHN,WASTEMUN,KG_CAP,2007,113.039
CHN,WASTEMUN,KG_CAP,2008,114.054
CHN,WASTEMUN,KG_CAP,2009,115.592
CHN,WASTEMUN,KG_CAP,2010,115.464
CHN,WASTEMUN,KG_CAP,2011,119.109
CHN,WASTEMUN,KG_CAP,2012,123.399
CHN,WASTEMUN,KG_CAP,2013,123.851
CHN,WASTEMUN,KG_CAP,2014,127.623
CHN,WASTEMUN,KG_CAP,2015,136.062
CHN,WASTEMUN,KG_CAP,2016,143.998
CHN,WASTEMUN,KG_CAP,2017,151.447
COL,WASTEMUN,KG_CAP,2003,126.383
COL,WASTEMUN,KG_CAP,2004,144.636
COL,WASTEMUN,KG_CAP,2005,176.809
COL,WASTEMUN,KG_CAP,2006,174.702
COL,WASTEMUN,KG_CAP,2007,208.391
COL,WASTEMUN,KG_CAP,2008,205.935
COL,WASTEMUN,KG_CAP,2009,250.639
COL,WASTEMUN,KG_CAP,2010,197.325
COL,WASTEMUN,KG_CAP,2011,210.362
COL,WASTEMUN,KG_CAP,2012,193.125
COL,WASTEMUN,KG_CAP,2013,194.064
COL,WASTEMUN,KG_CAP,2014,191.865
COL,WASTEMUN,KG_CAP,2015,206.787
COL,WASTEMUN,KG_CAP,2016,233.858
COL,WASTEMUN,KG_CAP,2017,220.26
COL,WASTEMUN,KG_CAP,2018,242.454
IDN,WASTEMUN,KG_CAP,2001,22.041
IDN,WASTEMUN,KG_CAP,2002,22.358
IDN,WASTEMUN,KG_CAP,2003,24.832
IDN,WASTEMUN,KG_CAP,2004,27.07
IDN,WASTEMUN,KG_CAP,2005,26.711
IDN,WASTEMUN,KG_CAP,2006,22.922
IDN,WASTEMUN,KG_CAP,2007,32.606
IDN,WASTEMUN,KG_CAP,2008,32.177
IDN,WASTEMUN,KG_CAP,2009,28.775
IDN,WASTEMUN,KG_CAP,2010,29.96
IDN,WASTEMUN,KG_CAP,2011,31.586
IDN,WASTEMUN,KG_CAP,2012,30.792
LVA,WASTEMUN,KG_CAP,2000,271.167
LVA,WASTEMUN,KG_CAP,2001,305.07
LVA,WASTEMUN,KG_CAP,2002,343.264
LVA,WASTEMUN,KG_CAP,2003,303.765
LVA,WASTEMUN,KG_CAP,2004,318.144
LVA,WASTEMUN,KG_CAP,2005,319.814
LVA,WASTEMUN,KG_CAP,2006,342.597
LVA,WASTEMUN,KG_CAP,2007,391.306
LVA,WASTEMUN,KG_CAP,2008,345.378
LVA,WASTEMUN,KG_CAP,2009,351.595
LVA,WASTEMUN,KG_CAP,2010,324.187
LVA,WASTEMUN,KG_CAP,2011,350.049
LVA,WASTEMUN,KG_CAP,2012,323.449
LVA,WASTEMUN,KG_CAP,2013,349.788
LVA,WASTEMUN,KG_CAP,2014,364.132
LVA,WASTEMUN,KG_CAP,2015,403.535
LVA,WASTEMUN,KG_CAP,2016,409.281
LVA,WASTEMUN,KG_CAP,2017,410.864
LVA,WASTEMUN,KG_CAP,2018,407.333
LVA,WASTEMUN,KG_CAP,2019,438.911
LVA,WASTEMUN,KG_CAP,2020,478.308
LVA,WASTEMUN,KG_CAP,2021,461.133
RUS,WASTEMUN,KG_CAP,2000,353.545
RUS,WASTEMUN,KG_CAP,2001,350.161
RUS,WASTEMUN,KG_CAP,2002,371.701
RUS,WASTEMUN,KG_CAP,2003,380.923
RUS,WASTEMUN,KG_CAP,2004,402.044
RUS,WASTEMUN,KG_CAP,2005,403.141
RUS,WASTEMUN,KG_CAP,2006,427.036
RUS,WASTEMUN,KG_CAP,2007,442.376
RUS,WASTEMUN,KG_CAP,2008,455.105
RUS,WASTEMUN,KG_CAP,2009,471.229
RUS,WASTEMUN,KG_CAP,2010,486.387
RUS,WASTEMUN,KG_CAP,2011,484.036
RUS,WASTEMUN,KG_CAP,2012,562.593
LTU,WASTEMUN,KG_CAP,2000,354.48
LTU,WASTEMUN,KG_CAP,2001,368.806
LTU,WASTEMUN,KG_CAP,2002,396.78
LTU,WASTEMUN,KG_CAP,2003,382.745
LTU,WASTEMUN,KG_CAP,2004,368.142
LTU,WASTEMUN,KG_CAP,2005,381.499
LTU,WASTEMUN,KG_CAP,2006,399.045
LTU,WASTEMUN,KG_CAP,2007,413.761
LTU,WASTEMUN,KG_CAP,2008,424.578
LTU,WASTEMUN,KG_CAP,2009,379.188
LTU,WASTEMUN,KG_CAP,2010,399.169
LTU,WASTEMUN,KG_CAP,2011,431.964
LTU,WASTEMUN,KG_CAP,2012,434.167
LTU,WASTEMUN,KG_CAP,2013,422.695
LTU,WASTEMUN,KG_CAP,2014,424.05
LTU,WASTEMUN,KG_CAP,2015,438.631
LTU,WASTEMUN,KG_CAP,2016,433.586
LTU,WASTEMUN,KG_CAP,2017,442.769
LTU,WASTEMUN,KG_CAP,2018,452.344
LTU,WASTEMUN,KG_CAP,2019,462.956
LTU,WASTEMUN,KG_CAP,2020,478.678
LTU,WASTEMUN,KG_CAP,2021,482.658
CRI,WASTEMUN,KG_CAP,2010,332.165
CRI,WASTEMUN,KG_CAP,2011,361.269
CRI,WASTEMUN,KG_CAP,2012,364.968
CRI,WASTEMUN,KG_CAP,2013,371.725
CRI,WASTEMUN,KG_CAP,2014,374.597
CRI,WASTEMUN,KG_CAP,2015,388.433
CRI,WASTEMUN,KG_CAP,2016,249.06
CRI,WASTEMUN,KG_CAP,2017,256.09
CRI,WASTEMUN,KG_CAP,2018,292.201
CRI,WASTEMUN,KG_CAP,2019,265.717
CRI,WASTEMUN,KG_CAP,2020,285.506
CRI,WASTEMUN,KG_CAP,2021,313.478
ARG,WASTEMUN,KG_CAP,2005,350.034
ARG,WASTEMUN,KG_CAP,2010,391.474
ARG,WASTEMUN,KG_CAP,2019,464.074
ARM,WASTEMUN,KG_CAP,2000,65.677
ARM,WASTEMUN,KG_CAP,2001,74.558
ARM,WASTEMUN,KG_CAP,2002,91.593
ARM,WASTEMUN,KG_CAP,2003,119.516
ARM,WASTEMUN,KG_CAP,2004,122.972
ARM,WASTEMUN,KG_CAP,2005,122.931
ARM,WASTEMUN,KG_CAP,2006,125.889
ARM,WASTEMUN,KG_CAP,2007,130.442
ARM,WASTEMUN,KG_CAP,2008,129.348
ARM,WASTEMUN,KG_CAP,2009,138.616
ARM,WASTEMUN,KG_CAP,2010,131.385
ARM,WASTEMUN,KG_CAP,2011,135.03
ARM,WASTEMUN,KG_CAP,2012,140.028
ARM,WASTEMUN,KG_CAP,2013,178.429
ARM,WASTEMUN,KG_CAP,2014,178.932
ARM,WASTEMUN,KG_CAP,2015,171.195
ARM,WASTEMUN,KG_CAP,2016,174.365
ARM,WASTEMUN,KG_CAP,2017,173.181
ARM,WASTEMUN,KG_CAP,2018,165.659
ARM,WASTEMUN,KG_CAP,2019,167.624
ARM,WASTEMUN,KG_CAP,2020,204.305
ARM,WASTEMUN,KG_CAP,2021,174.634
BGR,WASTEMUN,KG_CAP,2000,611.737
BGR,WASTEMUN,KG_CAP,2001,595.944
BGR,WASTEMUN,KG_CAP,2002,601.621
BGR,WASTEMUN,KG_CAP,2003,603.19
BGR,WASTEMUN,KG_CAP,2004,598.56
BGR,WASTEMUN,KG_CAP,2005,587.807
BGR,WASTEMUN,KG_CAP,2006,577.159
BGR,WASTEMUN,KG_CAP,2007,552.924
BGR,WASTEMUN,KG_CAP,2008,598.727
BGR,WASTEMUN,KG_CAP,2009,597.627
BGR,WASTEMUN,KG_CAP,2010,553.573
BGR,WASTEMUN,KG_CAP,2011,507.871
BGR,WASTEMUN,KG_CAP,2012,460.451
BGR,WASTEMUN,KG_CAP,2013,431.514
BGR,WASTEMUN,KG_CAP,2014,441.864
BGR,WASTEMUN,KG_CAP,2015,419.477
BGR,WASTEMUN,KG_CAP,2016,404.191
BGR,WASTEMUN,KG_CAP,2017,435.278
BGR,WASTEMUN,KG_CAP,2018,407.4
BGR,WASTEMUN,KG_CAP,2019,441.529
BGR,WASTEMUN,KG_CAP,2020,407.989
HRV,WASTEMUN,KG_CAP,2000,264.901
HRV,WASTEMUN,KG_CAP,2004,304.558
HRV,WASTEMUN,KG_CAP,2005,336.184
HRV,WASTEMUN,KG_CAP,2006,383.656
HRV,WASTEMUN,KG_CAP,2007,398.82
HRV,WASTEMUN,KG_CAP,2008,414.878
HRV,WASTEMUN,KG_CAP,2009,404.861
HRV,WASTEMUN,KG_CAP,2010,379.473
HRV,WASTEMUN,KG_CAP,2011,384.29
HRV,WASTEMUN,KG_CAP,2012,391.325
HRV,WASTEMUN,KG_CAP,2013,404.4
HRV,WASTEMUN,KG_CAP,2014,386.232
HRV,WASTEMUN,KG_CAP,2015,393.472
HRV,WASTEMUN,KG_CAP,2016,402.458
HRV,WASTEMUN,KG_CAP,2017,416.047
HRV,WASTEMUN,KG_CAP,2018,432.502
HRV,WASTEMUN,KG_CAP,2019,445.729
HRV,WASTEMUN,KG_CAP,2020,418.264
HRV,WASTEMUN,KG_CAP,2021,439.017
PER,WASTEMUN,KG_CAP,2014,227.481
PER,WASTEMUN,KG_CAP,2015,225.808
PER,WASTEMUN,KG_CAP,2016,225.023
PER,WASTEMUN,KG_CAP,2017,224.19
PER,WASTEMUN,KG_CAP,2018,231.636
PER,WASTEMUN,KG_CAP,2019,237.074
PER,WASTEMUN,KG_CAP,2020,237.357
PER,WASTEMUN,KG_CAP,2021,243.638
ROU,WASTEMUN,KG_CAP,2000,354.721
ROU,WASTEMUN,KG_CAP,2001,340.638
ROU,WASTEMUN,KG_CAP,2002,385.915
ROU,WASTEMUN,KG_CAP,2003,352.78
ROU,WASTEMUN,KG_CAP,2004,348.828
ROU,WASTEMUN,KG_CAP,2005,383.355
ROU,WASTEMUN,KG_CAP,2006,395.966
ROU,WASTEMUN,KG_CAP,2007,390.797
ROU,WASTEMUN,KG_CAP,2008,410.9
ROU,WASTEMUN,KG_CAP,2009,381.393
ROU,WASTEMUN,KG_CAP,2010,313.284
ROU,WASTEMUN,KG_CAP,2011,258.889
ROU,WASTEMUN,KG_CAP,2012,251.443
ROU,WASTEMUN,KG_CAP,2013,253.693
ROU,WASTEMUN,KG_CAP,2014,248.84
ROU,WASTEMUN,KG_CAP,2015,247.399
ROU,WASTEMUN,KG_CAP,2016,260.981
ROU,WASTEMUN,KG_CAP,2017,272.19
ROU,WASTEMUN,KG_CAP,2018,271.915
ROU,WASTEMUN,KG_CAP,2019,280.246
ROU,WASTEMUN,KG_CAP,2020,289.992
ROU,WASTEMUN,KG_CAP,2021,301.421
SAU,WASTEMUN,KG_CAP,2020,71.487
EU27_2020,WASTEMUN,KG_CAP,2000,513.055
EU27_2020,WASTEMUN,KG_CAP,2001,509.542
EU27_2020,WASTEMUN,KG_CAP,2002,514.779
EU27_2020,WASTEMUN,KG_CAP,2003,502.291
EU27_2020,WASTEMUN,KG_CAP,2004,499.679
EU27_2020,WASTEMUN,KG_CAP,2005,505.994
EU27_2020,WASTEMUN,KG_CAP,2006,512.726
EU27_2020,WASTEMUN,KG_CAP,2007,517.025
EU27_2020,WASTEMUN,KG_CAP,2008,517.194
EU27_2020,WASTEMUN,KG_CAP,2009,509.239
EU27_2020,WASTEMUN,KG_CAP,2010,502.158
EU27_2020,WASTEMUN,KG_CAP,2011,498.136
EU27_2020,WASTEMUN,KG_CAP,2012,486.36
EU27_2020,WASTEMUN,KG_CAP,2013,477.984
EU27_2020,WASTEMUN,KG_CAP,2014,477.982
EU27_2020,WASTEMUN,KG_CAP,2015,480.521
EU27_2020,WASTEMUN,KG_CAP,2016,493.331
EU27_2020,WASTEMUN,KG_CAP,2017,499.195
EU27_2020,WASTEMUN,KG_CAP,2018,499.705
EU27_2020,WASTEMUN,KG_CAP,2019,503.662
EU27_2020,WASTEMUN,KG_CAP,2020,520.845
EU27_2020,WASTEMUN,KG_CAP,2021,529.594
AZE,WASTEMUN,KG_CAP,2000,134.793
AZE,WASTEMUN,KG_CAP,2001,153.103
AZE,WASTEMUN,KG_CAP,2002,221.449
AZE,WASTEMUN,KG_CAP,2003,223.225
AZE,WASTEMUN,KG_CAP,2004,208.505
AZE,WASTEMUN,KG_CAP,2005,202.513
AZE,WASTEMUN,KG_CAP,2006,179.498
AZE,WASTEMUN,KG_CAP,2007,183.704
AZE,WASTEMUN,KG_CAP,2008,164.228
AZE,WASTEMUN,KG_CAP,2009,175.775
AZE,WASTEMUN,KG_CAP,2010,174.187
AZE,WASTEMUN,KG_CAP,2011,190.298
AZE,WASTEMUN,KG_CAP,2012,173.632
AZE,WASTEMUN,KG_CAP,2013,173.8
AZE,WASTEMUN,KG_CAP,2014,139.09
AZE,WASTEMUN,KG_CAP,2015,155.625
AZE,WASTEMUN,KG_CAP,2016,159.379
AZE,WASTEMUN,KG_CAP,2017,156.48
AZE,WASTEMUN,KG_CAP,2018,172.962
AZE,WASTEMUN,KG_CAP,2019,197.601
AZE,WASTEMUN,KG_CAP,2020,230.142
AZE,WASTEMUN,KG_CAP,2021,250.461
BLR,WASTEMUN,KG_CAP,2004,239.527
BLR,WASTEMUN,KG_CAP,2005,254.691
BLR,WASTEMUN,KG_CAP,2006,276.849
BLR,WASTEMUN,KG_CAP,2007,271.097
BLR,WASTEMUN,KG_CAP,2008,306.83
BLR,WASTEMUN,KG_CAP,2009,338.317
BLR,WASTEMUN,KG_CAP,2010,379.174
BLR,WASTEMUN,KG_CAP,2011,394.788
BLR,WASTEMUN,KG_CAP,2012,384.578
BLR,WASTEMUN,KG_CAP,2013,379.904
BLR,WASTEMUN,KG_CAP,2014,384.042
BLR,WASTEMUN,KG_CAP,2015,384.986
BLR,WASTEMUN,KG_CAP,2016,390.807
BLR,WASTEMUN,KG_CAP,2017,391.579
BLR,WASTEMUN,KG_CAP,2018,391.447
BLR,WASTEMUN,KG_CAP,2019,391.235
BLR,WASTEMUN,KG_CAP,2020,422.515
BLR,WASTEMUN,KG_CAP,2021,414.505
GEO,WASTEMUN,KG_CAP,2007,218.868
GEO,WASTEMUN,KG_CAP,2008,225.533
GEO,WASTEMUN,KG_CAP,2009,228.263
GEO,WASTEMUN,KG_CAP,2015,205.429
GEO,WASTEMUN,KG_CAP,2016,230.781
GEO,WASTEMUN,KG_CAP,2017,244.466
GEO,WASTEMUN,KG_CAP,2018,259.098
GEO,WASTEMUN,KG_CAP,2019,263.763
GEO,WASTEMUN,KG_CAP,2020,258.45
MDA,WASTEMUN,KG_CAP,2000,49.746
MDA,WASTEMUN,KG_CAP,2001,48.457
MDA,WASTEMUN,KG_CAP,2002,50.893
MDA,WASTEMUN,KG_CAP,2003,51.191
MDA,WASTEMUN,KG_CAP,2004,54.454
MDA,WASTEMUN,KG_CAP,2005,58.138
MDA,WASTEMUN,KG_CAP,2006,63.066
MDA,WASTEMUN,KG_CAP,2007,84.479
MDA,WASTEMUN,KG_CAP,2008,102.587
MDA,WASTEMUN,KG_CAP,2009,108.86
MDA,WASTEMUN,KG_CAP,2010,115.467
MDA,WASTEMUN,KG_CAP,2011,120.258
MDA,WASTEMUN,KG_CAP,2012,124.258
MDA,WASTEMUN,KG_CAP,2013,139.478
MDA,WASTEMUN,KG_CAP,2014,152.235
MDA,WASTEMUN,KG_CAP,2015,155.654
MDA,WASTEMUN,KG_CAP,2016,175.417
MDA,WASTEMUN,KG_CAP,2017,185.976
MDA,WASTEMUN,KG_CAP,2018,181.963
MDA,WASTEMUN,KG_CAP,2019,199.445
MDA,WASTEMUN,KG_CAP,2020,226.17
MDA,WASTEMUN,KG_CAP,2021,251.053
UKR,WASTEMUN,KG_CAP,2010,213.767
UKR,WASTEMUN,KG_CAP,2011,227.535
UKR,WASTEMUN,KG_CAP,2012,305.641
UKR,WASTEMUN,KG_CAP,2013,320.06
UKR,WASTEMUN,KG_CAP,2014,238.061
UKR,WASTEMUN,KG_CAP,2015,255.472
UKR,WASTEMUN,KG_CAP,2016,257.901
UKR,WASTEMUN,KG_CAP,2017,252.393
UKR,WASTEMUN,KG_CAP,2018,266.772
UKR,WASTEMUN,KG_CAP,2019,266.736
